Detailed,Unnamed: 1,Unnamed: 2,Unnamed: 3,Unnamed: 4,Unnamed: 5,Unnamed: 6,Unnamed: 7
Position X,Position Y,Unit,Category,Collection,Time,TrackID,ID
122.48600006103516,15.53219985961914,µm,Spot,Position,1,1000002988,2988
111.91999816894531,83.13590240478516,µm,Spot,Position,1,1000015940,15940
130.83200073242188,85.82219696044922,µm,Spot,Position,1,1000016452,16452
140.3159942626953,123.16400146484375,µm,Spot,Position,1,1000023698,23698
122.4010009765625,15.32919979095459,µm,Spot,Position,2,1000002988,26888
119.1969985961914,43.77450180053711,µm,Spot,Position,2,1000032276,32276
112.06600189208984,83.11360168457031,µm,Spot,Position,2,1000015940,39894
130.71099853515625,85.68409729003906,µm,Spot,Position,2,1000016452,40413
140.4980010986328,123.26599884033203,µm,Spot,Position,2,1000023698,47662
122.56400299072266,15.260499954223633,µm,Spot,Position,3,1000002988,50793
82.49749755859375,28.9060001373291,µm,Spot,Position,3,1000053369,53369
119.15799713134766,43.6432991027832,µm,Spot,Position,3,1000032276,56236
112.51699829101562,82.8292007446289,µm,Spot,Position,3,1000015940,63774
130.86000061035156,85.37640380859375,µm,Spot,Position,3,1000016452,64238
140.3209991455078,122.93900299072266,µm,Spot,Position,3,1000023698,71341
122.27400207519531,14.935700416564941,µm,Spot,Position,4,1000002988,74459
82.89929962158203,28.742399215698242,µm,Spot,Position,4,1000053369,77091
119.125,43.50619888305664,µm,Spot,Position,4,1000032276,79961
112.58100128173828,83.09989929199219,µm,Spot,Position,4,1000015940,87593
130.96200561523438,85.30989837646484,µm,Spot,Position,4,1000016452,88008
122.38500213623047,14.519399642944336,µm,Spot,Position,5,1000002988,98215
82.63590240478516,28.692399978637695,µm,Spot,Position,5,1000053369,100928
119.38400268554688,43.80179977416992,µm,Spot,Position,5,1000032276,103867
112.92900085449219,83.42949676513672,µm,Spot,Position,5,1000015940,111394
131.02699279785156,85.23280334472656,µm,Spot,Position,5,1000016452,111756
15.488699913024902,98.63379669189453,µm,Spot,Position,5,1000114285,114285
122.55400085449219,14.386300086975098,µm,Spot,Position,6,1000002988,121981
82.69760131835938,28.63279914855957,µm,Spot,Position,6,1000053369,124615
119.59300231933594,43.8296012878418,µm,Spot,Position,6,1000032276,127547
113.49400329589844,83.56109619140625,µm,Spot,Position,6,1000015940,135132
131.36599731445312,85.1707992553711,µm,Spot,Position,6,1000016452,135457
122.36599731445312,14.566800117492676,µm,Spot,Position,7,1000002988,145623
82.53230285644531,28.671199798583984,µm,Spot,Position,7,1000053369,148288
119.28600311279297,43.75450134277344,µm,Spot,Position,7,1000032276,151220
113.66200256347656,83.33319854736328,µm,Spot,Position,7,1000015940,158783
131.0709991455078,85.19599914550781,µm,Spot,Position,7,1000016452,159115
15.730899810791016,98.74440002441406,µm,Spot,Position,7,1000114285,161683
140.4810028076172,122.66899871826172,µm,Spot,Position,7,1000023698,166268
122.55000305175781,14.71660041809082,µm,Spot,Position,8,1000002988,169371
119.34600067138672,44.11109924316406,µm,Spot,Position,8,1000032276,174980
113.88800048828125,83.66899871826172,µm,Spot,Position,8,1000015940,182552
130.97900390625,85.14669799804688,µm,Spot,Position,8,1000016452,182838
15.828100204467773,98.78780364990234,µm,Spot,Position,8,1000114285,185447
140.5760040283203,122.48500061035156,µm,Spot,Position,8,1000023698,190041
122.40399932861328,14.347100257873535,µm,Spot,Position,9,1000002988,193126
119.19200134277344,43.857200622558594,µm,Spot,Position,9,1000032276,198770
113.56800079345703,83.97810363769531,µm,Spot,Position,9,1000015940,206452
131.11599731445312,85.25669860839844,µm,Spot,Position,9,1000016452,206678
16.136199951171875,98.46150207519531,µm,Spot,Position,9,1000114285,209194
140.31700134277344,122.427001953125,µm,Spot,Position,9,1000023698,213883
122.13200378417969,14.331999778747559,µm,Spot,Position,10,1000002988,216908
119.65399932861328,44.12300109863281,µm,Spot,Position,10,1000032276,222566
113.52799987792969,83.6675033569336,µm,Spot,Position,10,1000015940,230091
130.85299682617188,84.98470306396484,µm,Spot,Position,10,1000016452,230358
15.836000442504883,98.32820129394531,µm,Spot,Position,10,1000114285,232847
140.50599670410156,122.61199951171875,µm,Spot,Position,10,1000023698,237530
122.00700378417969,14.6628999710083,µm,Spot,Position,11,1000002988,240592
83.20099639892578,29.106300354003906,µm,Spot,Position,11,1000053369,243414
119.73999786376953,44.065799713134766,µm,Spot,Position,11,1000032276,246297
113.36399841308594,83.43350219726562,µm,Spot,Position,11,1000015940,253835
130.0919952392578,84.71880340576172,µm,Spot,Position,11,1000016452,254068
122.45099639892578,15.205599784851074,µm,Spot,Position,12,1000002988,264608
82.72679901123047,29.36319923400879,µm,Spot,Position,12,1000053369,267268
119.8740005493164,44.059600830078125,µm,Spot,Position,12,1000032276,270042
113.20700073242188,83.6436996459961,µm,Spot,Position,12,1000015940,277562
129.6529998779297,84.9260025024414,µm,Spot,Position,12,1000016452,277792
15.455900192260742,98.50420379638672,µm,Spot,Position,12,1000114285,280338
140.1719970703125,122.41500091552734,µm,Spot,Position,12,1000023698,284980
122.28900146484375,15.648799896240234,µm,Spot,Position,13,1000002988,288281
82.82769775390625,29.740699768066406,µm,Spot,Position,13,1000053369,290942
119.94599914550781,43.93560028076172,µm,Spot,Position,13,1000032276,293702
112.88500213623047,83.49310302734375,µm,Spot,Position,13,1000015940,301265
129.91400146484375,84.58920288085938,µm,Spot,Position,13,1000016452,301438
15.286700248718262,98.59750366210938,µm,Spot,Position,13,1000114285,304160
140.16000366210938,122.38300323486328,µm,Spot,Position,13,1000023698,308857
122.4229965209961,15.442999839782715,µm,Spot,Position,14,1000002988,312140
119.79100036621094,43.444400787353516,µm,Spot,Position,14,1000032276,317494
113.00299835205078,83.31089782714844,µm,Spot,Position,14,1000015940,325089
130.23199462890625,84.28939819335938,µm,Spot,Position,14,1000016452,325277
140.1840057373047,122.47100067138672,µm,Spot,Position,14,1000023698,332602
122.46299743652344,15.330100059509277,µm,Spot,Position,15,1000002988,335857
119.16400146484375,43.31589889526367,µm,Spot,Position,15,1000032276,341169
112.4489974975586,53.88880157470703,µm,Spot,Position,15,1000343190,343190
112.73100280761719,83.55680084228516,µm,Spot,Position,15,1000015940,348877
130.4010009765625,84.54129791259766,µm,Spot,Position,15,1000016452,349061
140.4340057373047,122.49500274658203,µm,Spot,Position,15,1000023698,356466
81.28070068359375,29.6427001953125,µm,Spot,Position,16,1000053369,362424
119.12899780273438,43.34469985961914,µm,Spot,Position,16,1000032276,365078
126.95600128173828,49.459999084472656,µm,Spot,Position,16,1000366292,366292
113.0199966430664,82.8458023071289,µm,Spot,Position,16,1000015940,372777
130.66200256347656,84.6593017578125,µm,Spot,Position,16,1000016452,373107
15.191100120544434,98.48419952392578,µm,Spot,Position,16,1000114285,375721
140.58099365234375,122.41000366210938,µm,Spot,Position,16,1000023698,380354
121.95500183105469,14.394800186157227,µm,Spot,Position,17,1000002988,383378
81.3905029296875,29.5408992767334,µm,Spot,Position,17,1000053369,386302
118.88099670410156,43.47249984741211,µm,Spot,Position,17,1000032276,388954
127.23400115966797,50.17190170288086,µm,Spot,Position,17,1000366292,390211
112.54000091552734,53.87099838256836,µm,Spot,Position,17,1000343190,390940
112.37999725341797,82.59290313720703,µm,Spot,Position,17,1000015940,396450
130.70899963378906,84.52040100097656,µm,Spot,Position,17,1000016452,396844
140.36900329589844,122.12999725341797,µm,Spot,Position,17,1000023698,403959
122.16200256347656,14.39430046081543,µm,Spot,Position,18,1000002988,407054
81.21800231933594,29.582599639892578,µm,Spot,Position,18,1000053369,409944
118.74400329589844,43.73619842529297,µm,Spot,Position,18,1000032276,412663
127.00800323486328,50.59579849243164,µm,Spot,Position,18,1000366292,413944
112.302001953125,53.20000076293945,µm,Spot,Position,18,1000343190,414471
112.21700286865234,82.41429901123047,µm,Spot,Position,18,1000015940,420029
130.81500244140625,84.26609802246094,µm,Spot,Position,18,1000016452,420384
140.5189971923828,122.13099670410156,µm,Spot,Position,18,1000023698,427654
81.114501953125,29.53230094909668,µm,Spot,Position,19,1000053369,433723
112.19200134277344,53.40169906616211,µm,Spot,Position,19,1000343190,438244
111.81900024414062,82.04750061035156,µm,Spot,Position,19,1000015940,443703
130.61300659179688,84.18930053710938,µm,Spot,Position,19,1000016452,444109
140.5279998779297,122.03099822998047,µm,Spot,Position,19,1000023698,451402
81.00689697265625,29.536300659179688,µm,Spot,Position,20,1000053369,457581
127.28099822998047,50.082698822021484,µm,Spot,Position,20,1000366292,461432
112.5719985961914,53.12350082397461,µm,Spot,Position,20,1000343190,462013
111.71299743652344,82.12110137939453,µm,Spot,Position,20,1000015940,467570
130.77699279785156,84.18150329589844,µm,Spot,Position,20,1000016452,468011
140.57400512695312,121.8740005493164,µm,Spot,Position,20,1000023698,475163
80.8291015625,29.53580093383789,µm,Spot,Position,21,1000053369,481318
127.27400207519531,49.23419952392578,µm,Spot,Position,21,1000366292,485074
112.68000030517578,53.06880187988281,µm,Spot,Position,21,1000343190,485821
111.84100341796875,82.02120208740234,µm,Spot,Position,21,1000015940,491372
130.8470001220703,84.03009796142578,µm,Spot,Position,21,1000016452,491782
140.25599670410156,121.6449966430664,µm,Spot,Position,21,1000023698,498959
121.96499633789062,14.646599769592285,µm,Spot,Position,22,1000002988,502289
101.64900207519531,35.54690170288086,µm,Spot,Position,22,1000506354,506354
118.62000274658203,43.550201416015625,µm,Spot,Position,22,1000032276,507875
127.62300109863281,49.141998291015625,µm,Spot,Position,22,1000366292,508968
112.89299774169922,52.67359924316406,µm,Spot,Position,22,1000343190,509658
112.36000061035156,82.19580078125,µm,Spot,Position,22,1000015940,515350
130.51499938964844,84.10359954833984,µm,Spot,Position,22,1000016452,515709
140.2480010986328,121.58200073242188,µm,Spot,Position,22,1000023698,522996
80.63140106201172,29.659900665283203,µm,Spot,Position,23,1000053369,529137
118.01499938964844,43.624000549316406,µm,Spot,Position,23,1000032276,531759
127.65599822998047,49.621700286865234,µm,Spot,Position,23,1000366292,532906
112.98899841308594,52.98759841918945,µm,Spot,Position,23,1000343190,533524
130.46600341796875,84.1229019165039,µm,Spot,Position,23,1000016452,539495
121.56700134277344,14.382399559020996,µm,Spot,Position,24,1000002988,549840
80.01519775390625,29.194400787353516,µm,Spot,Position,24,1000053369,552661
101.46800231933594,34.76100158691406,µm,Spot,Position,24,1000506354,553723
127.30999755859375,49.81100082397461,µm,Spot,Position,24,1000366292,556547
112.80599975585938,53.127498626708984,µm,Spot,Position,24,1000343190,557220
130.71499633789062,83.80829620361328,µm,Spot,Position,24,1000016452,563108
121.9209976196289,14.364399909973145,µm,Spot,Position,25,1000002988,573492
80.07250213623047,28.990299224853516,µm,Spot,Position,25,1000053369,576317
117.98100280761719,43.520599365234375,µm,Spot,Position,25,1000032276,579080
127.43900299072266,49.410301208496094,µm,Spot,Position,25,1000366292,580222
112.5719985961914,52.97650146484375,µm,Spot,Position,25,1000343190,580899
112.48400115966797,82.67739868164062,µm,Spot,Position,25,1000015940,586564
130.71499633789062,83.79170227050781,µm,Spot,Position,25,1000016452,586737
122.13899993896484,14.320300102233887,µm,Spot,Position,26,1000002988,597251
80.50160217285156,28.679899215698242,µm,Spot,Position,26,1000053369,600014
127.25499725341797,49.8671989440918,µm,Spot,Position,26,1000366292,604085
113.04100036621094,53.501399993896484,µm,Spot,Position,26,1000343190,604753
29.50349998474121,81.08350372314453,µm,Spot,Position,26,1000610007,610007
112.44000244140625,82.37020111083984,µm,Spot,Position,26,1000015940,610279
139.6739959716797,121.60299682617188,µm,Spot,Position,26,1000023698,617726
122.5260009765625,14.098899841308594,µm,Spot,Position,27,1000002988,620943
80.45050048828125,28.982799530029297,µm,Spot,Position,27,1000053369,623748
126.94200134277344,50.192501068115234,µm,Spot,Position,27,1000366292,627804
112.41999816894531,82.4894027709961,µm,Spot,Position,27,1000015940,634013
139.7969970703125,121.41400146484375,µm,Spot,Position,27,1000023698,641445
122.48799896240234,13.814499855041504,µm,Spot,Position,28,1000002988,644585
80.37889862060547,29.542499542236328,µm,Spot,Position,28,1000053369,647511
101.55999755859375,35.30059814453125,µm,Spot,Position,28,1000506354,648634
126.28099822998047,49.79759979248047,µm,Spot,Position,28,1000366292,651391
112.3030014038086,82.12010192871094,µm,Spot,Position,28,1000015940,657570
139.85499572753906,121.6989974975586,µm,Spot,Position,28,1000023698,665196
122.80500030517578,14.048199653625488,µm,Spot,Position,29,1000002988,668360
80.68789672851562,29.70789909362793,µm,Spot,Position,29,1000053369,671332
126.76899719238281,49.71780014038086,µm,Spot,Position,29,1000366292,675142
111.74500274658203,82.20950317382812,µm,Spot,Position,29,1000015940,681297
129.6580047607422,83.30509948730469,µm,Spot,Position,29,1000016452,681549
139.89599609375,121.63899993896484,µm,Spot,Position,29,1000023698,688904
123.22100067138672,14.327799797058105,µm,Spot,Position,30,1000002988,692154
80.91310119628906,29.7593994140625,µm,Spot,Position,30,1000053369,695075
101.4469985961914,35.39789962768555,µm,Spot,Position,30,1000506354,696124
127.072998046875,49.87739944458008,µm,Spot,Position,30,1000366292,698945
29.703800201416016,81.24960327148438,µm,Spot,Position,30,1000610007,704945
111.65599822998047,82.83280181884766,µm,Spot,Position,30,1000015940,705280
129.4929962158203,83.63980102539062,µm,Spot,Position,30,1000016452,705451
140.2030029296875,121.98300170898438,µm,Spot,Position,30,1000023698,712706
123.10099792480469,14.576600074768066,µm,Spot,Position,31,1000002988,715984
80.81770324707031,29.962799072265625,µm,Spot,Position,31,1000053369,718931
101.74800109863281,34.775299072265625,µm,Spot,Position,31,1000506354,719837
126.47599792480469,49.99369812011719,µm,Spot,Position,31,1000366292,722745
30.259000778198242,81.22460174560547,µm,Spot,Position,31,1000610007,728722
111.83100128173828,82.78140258789062,µm,Spot,Position,31,1000015940,729019
129.41400146484375,83.3915023803711,µm,Spot,Position,31,1000016452,729137
140.01600646972656,122.03099822998047,µm,Spot,Position,31,1000023698,736545
102.09200286865234,34.578800201416016,µm,Spot,Position,32,1000506354,743650
126.47100067138672,50.190799713134766,µm,Spot,Position,32,1000366292,746667
111.4010009765625,83.10880279541016,µm,Spot,Position,32,1000015940,752990
129.2429962158203,83.34369659423828,µm,Spot,Position,32,1000016452,753049
139.93299865722656,121.87899780273438,µm,Spot,Position,32,1000023698,760490
81.06539916992188,29.46299934387207,µm,Spot,Position,33,1000053369,766541
101.79199981689453,34.765899658203125,µm,Spot,Position,33,1000506354,767514
126.16799926757812,49.74760055541992,µm,Spot,Position,33,1000366292,770415
128.80299377441406,82.90509796142578,µm,Spot,Position,33,1000016452,776736
111.05400085449219,83.07730102539062,µm,Spot,Position,33,1000015940,776750
139.9250030517578,121.91600036621094,µm,Spot,Position,33,1000023698,784228
122.8030014038086,14.929300308227539,µm,Spot,Position,34,1000002988,787522
80.45760345458984,29.76740074157715,µm,Spot,Position,34,1000053369,790290
101.59500122070312,34.535499572753906,µm,Spot,Position,34,1000506354,791202
29.896799087524414,81.92160034179688,µm,Spot,Position,34,1000610007,800180
128.87100219726562,82.76029968261719,µm,Spot,Position,34,1000016452,800370
140.15899658203125,122.12200164794922,µm,Spot,Position,34,1000023698,807967
122.63400268554688,14.680700302124023,µm,Spot,Position,35,1000002988,811141
80.4822006225586,29.71500015258789,µm,Spot,Position,35,1000053369,814049
101.7249984741211,34.519100189208984,µm,Spot,Position,35,1000506354,814980
29.897499084472656,81.6729965209961,µm,Spot,Position,35,1000610007,824090
128.4510040283203,82.48829650878906,µm,Spot,Position,35,1000016452,824254
140.4709930419922,122.1520004272461,µm,Spot,Position,35,1000023698,831910
122.8280029296875,14.321800231933594,µm,Spot,Position,36,1000002988,835069
80.9280014038086,29.637300491333008,µm,Spot,Position,36,1000053369,837974
102.85600280761719,34.66910171508789,µm,Spot,Position,36,1000506354,838967
127.80999755859375,82.74199676513672,µm,Spot,Position,36,1000016452,848252
140.552001953125,122.26599884033203,µm,Spot,Position,36,1000023698,855860
122.74500274658203,13.93340015411377,µm,Spot,Position,37,1000002988,858848
81.09960174560547,29.50320053100586,µm,Spot,Position,37,1000053369,861783
128.0050048828125,82.7583999633789,µm,Spot,Position,37,1000016452,872042
140.21499633789062,122.25399780273438,µm,Spot,Position,37,1000023698,879520
122.81099700927734,13.971199989318848,µm,Spot,Position,38,1000002988,882596
103.02400207519531,35.49039840698242,µm,Spot,Position,38,1000506354,886746
29.369199752807617,81.68270111083984,µm,Spot,Position,38,1000610007,895577
140.19000244140625,122.2229995727539,µm,Spot,Position,38,1000023698,903404
122.74099731445312,13.750200271606445,µm,Spot,Position,39,1000002988,906326
81.40270233154297,29.73040008544922,µm,Spot,Position,39,1000053369,909327
102.87899780273438,35.31290054321289,µm,Spot,Position,39,1000506354,910380
28.85059928894043,81.6395034790039,µm,Spot,Position,39,1000610007,919278
128.04800415039062,83.00499725341797,µm,Spot,Position,39,1000016452,919547
140.06700134277344,122.11599731445312,µm,Spot,Position,39,1000023698,926964
123.04000091552734,14.031800270080566,µm,Spot,Position,40,1000002988,929996
81.08149719238281,29.502599716186523,µm,Spot,Position,40,1000053369,932945
102.82599639892578,35.31779861450195,µm,Spot,Position,40,1000506354,934028
29.22100067138672,82.14700317382812,µm,Spot,Position,40,1000610007,942993
140.0989990234375,121.74800109863281,µm,Spot,Position,40,1000023698,950685
122.90699768066406,13.784199714660645,µm,Spot,Position,41,1000002988,953768
80.62419891357422,29.44890022277832,µm,Spot,Position,41,1000053369,956726
29.94070053100586,81.9979019165039,µm,Spot,Position,41,1000610007,966877
128.40699768066406,82.8561019897461,µm,Spot,Position,41,1000016452,967035
122.55400085449219,13.729599952697754,µm,Spot,Position,42,1000002988,977548
29.91469955444336,81.22789764404297,µm,Spot,Position,42,1000610007,990437
128.77200317382812,82.32820129394531,µm,Spot,Position,42,1000016452,990696
140.2050018310547,121.48999786376953,µm,Spot,Position,42,1000023698,998161
122.45800018310547,13.568400382995605,µm,Spot,Position,43,1000002988,1001176
80.25150299072266,28.901500701904297,µm,Spot,Position,43,1000053369,1004165
128.7689971923828,82.0990982055664,µm,Spot,Position,43,1000016452,1014424
140.25900268554688,121.36499786376953,µm,Spot,Position,43,1000023698,1022089
122.02799987792969,13.47070026397705,µm,Spot,Position,44,1000002988,1025226
80.3031997680664,29.360599517822266,µm,Spot,Position,44,1000053369,1028176
128.55499267578125,81.94609832763672,µm,Spot,Position,44,1000016452,1038250
140.3179931640625,121.73100280761719,µm,Spot,Position,44,1000023698,1045954
122.01499938964844,13.263199806213379,µm,Spot,Position,45,1000002988,1048977
80.49849700927734,29.605199813842773,µm,Spot,Position,45,1000053369,1052090
122.2770004272461,13.128499984741211,µm,Spot,Position,46,1000002988,1072956
80.15010070800781,29.18790054321289,µm,Spot,Position,46,1000053369,1075994
128.8699951171875,82.7155990600586,µm,Spot,Position,46,1000016452,1086377
140.20799255371094,121.4280014038086,µm,Spot,Position,46,1000023698,1093830
122.40699768066406,13.207099914550781,µm,Spot,Position,47,1000002988,1096839
140.28599548339844,121.18399810791016,µm,Spot,Position,47,1000023698,1117567
122.19300079345703,13.454899787902832,µm,Spot,Position,48,1000002988,1120793
140.2949981689453,121.18699645996094,µm,Spot,Position,48,1000023698,1141403
79.92150115966797,29.662500381469727,µm,Spot,Position,49,1000053369,1147668
140.2989959716797,121.0790023803711,µm,Spot,Position,49,1000023698,1165363
80.04969787597656,28.863399505615234,µm,Spot,Position,50,1000053369,1171443
140.12600708007812,121.29299926757812,µm,Spot,Position,50,1000023698,1189225
122.63700103759766,14.01200008392334,µm,Spot,Position,51,1000002988,1192429
140.14500427246094,120.70099639892578,µm,Spot,Position,51,1000023698,1212966
127.49400329589844,50.52130126953125,µm,Spot,Position,52,1001223303,1223303
139.91799926757812,120.65699768066406,µm,Spot,Position,52,1000023698,1236666
80.72239685058594,29.428699493408203,µm,Spot,Position,53,1000053369,1242903
127.86799621582031,49.92770004272461,µm,Spot,Position,53,1001223303,1246823
31.46929931640625,79.71540069580078,µm,Spot,Position,53,1001252512,1252512
139.95799255371094,120.65399932861328,µm,Spot,Position,53,1000023698,1260512
80.85870361328125,29.015100479125977,µm,Spot,Position,54,1000053369,1266774
127.77300262451172,49.25279998779297,µm,Spot,Position,54,1001223303,1270643
140.11199951171875,121.0979995727539,µm,Spot,Position,54,1000023698,1284654
80.59919738769531,28.862499237060547,µm,Spot,Position,55,1000053369,1290746
127.94400024414062,49.577701568603516,µm,Spot,Position,55,1001223303,1294736
140.1580047607422,121.14700317382812,µm,Spot,Position,55,1000023698,1308546
80.37159729003906,28.94969940185547,µm,Spot,Position,56,1000053369,1314726
120.90799713134766,37.802101135253906,µm,Spot,Position,56,1001316449,1316449
127.71199798583984,50.166900634765625,µm,Spot,Position,56,1001223303,1318770
109.43900299072266,72.98870086669922,µm,Spot,Position,56,1001323173,1323173
31.0137996673584,78.96040344238281,µm,Spot,Position,56,1001252512,1324349
140.20599365234375,121.46099853515625,µm,Spot,Position,56,1000023698,1332580
121.12200164794922,37.6526985168457,µm,Spot,Position,57,1001316449,1340270
127.49700164794922,49.6088981628418,µm,Spot,Position,57,1001223303,1342530
109.20500183105469,72.62129974365234,µm,Spot,Position,57,1001323173,1346895
30.885799407958984,79.45690155029297,µm,Spot,Position,57,1001252512,1348198
140.33599853515625,121.5530014038086,µm,Spot,Position,57,1000023698,1356259
80.42459869384766,28.895099639892578,µm,Spot,Position,58,1000053369,1362272
121.50299835205078,37.793399810791016,µm,Spot,Position,58,1001316449,1364024
127.65699768066406,49.95389938354492,µm,Spot,Position,58,1001223303,1366350
109.08300018310547,72.13790130615234,µm,Spot,Position,58,1001323173,1370574
30.539400100708008,78.97789764404297,µm,Spot,Position,58,1001252512,1371862
140.3509979248047,121.47000122070312,µm,Spot,Position,58,1000023698,1380025
121.85600280761719,37.51240158081055,µm,Spot,Position,59,1001316449,1387668
127.89199829101562,49.94139862060547,µm,Spot,Position,59,1001223303,1390056
140.47000122070312,121.31900024414062,µm,Spot,Position,59,1000023698,1403732
121.46399688720703,37.685298919677734,µm,Spot,Position,60,1001316449,1411376
127.40399932861328,49.8114013671875,µm,Spot,Position,60,1001223303,1413687
140.45899963378906,121.40899658203125,µm,Spot,Position,60,1000023698,1427308
80.48419952392578,28.716100692749023,µm,Spot,Position,61,1000053369,1433338
121.67900085449219,38.01959991455078,µm,Spot,Position,61,1001316449,1435111
127.37699890136719,49.85419845581055,µm,Spot,Position,61,1001223303,1437386
110.00800323486328,72.1500015258789,µm,Spot,Position,61,1001323173,1441669
140.7830047607422,121.49199676513672,µm,Spot,Position,61,1000023698,1451125
80.3916015625,28.54759979248047,µm,Spot,Position,62,1000053369,1457022
121.83999633789062,38.0984992980957,µm,Spot,Position,62,1001316449,1458866
127.57099914550781,50.25019836425781,µm,Spot,Position,62,1001223303,1461181
30.34630012512207,79.80789947509766,µm,Spot,Position,62,1001252512,1466779
140.8560028076172,121.24299621582031,µm,Spot,Position,62,1000023698,1474779
127.99600219726562,49.72359848022461,µm,Spot,Position,63,1001223303,1484884
109.76499938964844,72.26709747314453,µm,Spot,Position,63,1001323173,1489204
30.24690055847168,79.51930236816406,µm,Spot,Position,63,1001252512,1490600
141.12100219726562,121.45600128173828,µm,Spot,Position,63,1000023698,1498631
79.92250061035156,28.44339942932129,µm,Spot,Position,64,1000053369,1504586
121.81500244140625,37.93360137939453,µm,Spot,Position,64,1001316449,1506405
128.2239990234375,49.46200180053711,µm,Spot,Position,64,1001223303,1508587
109.41100311279297,72.2428970336914,µm,Spot,Position,64,1001323173,1512946
29.822500228881836,79.08979797363281,µm,Spot,Position,64,1001252512,1514232
141.3489990234375,121.43099975585938,µm,Spot,Position,64,1000023698,1522325
80.23269653320312,28.29509925842285,µm,Spot,Position,65,1000053369,1528266
121.58699798583984,37.8922004699707,µm,Spot,Position,65,1001316449,1530094
127.90899658203125,49.47019958496094,µm,Spot,Position,65,1001223303,1532303
109.46700286865234,72.0823974609375,µm,Spot,Position,65,1001323173,1536692
141.30999755859375,121.59300231933594,µm,Spot,Position,65,1000023698,1546138
121.71800231933594,37.9364013671875,µm,Spot,Position,66,1001316449,1553883
127.76799774169922,49.40530014038086,µm,Spot,Position,66,1001223303,1556035
109.25599670410156,72.41380310058594,µm,Spot,Position,66,1001323173,1560539
29.743799209594727,78.70259857177734,µm,Spot,Position,66,1001252512,1561733
141.20899963378906,121.5739974975586,µm,Spot,Position,66,1000023698,1569822
121.77999877929688,38.045799255371094,µm,Spot,Position,67,1001316449,1577600
127.63700103759766,49,µm,Spot,Position,67,1001223303,1579714
141.13999938964844,121.63899993896484,µm,Spot,Position,67,1000023698,1593679
121.64399719238281,38.02439880371094,µm,Spot,Position,68,1001316449,1601515
109.02899932861328,71.94390106201172,µm,Spot,Position,68,1001323173,1607992
141.13999938964844,121.71099853515625,µm,Spot,Position,68,1000023698,1617719
80.41510009765625,28.105899810791016,µm,Spot,Position,69,1000053369,1623572
121.58399963378906,37.81370162963867,µm,Spot,Position,69,1001316449,1625483
140.9980010986328,121.66500091552734,µm,Spot,Position,69,1000023698,1641673
121.34700012207031,37.51340103149414,µm,Spot,Position,70,1001316449,1649374
140.85400390625,121.81099700927734,µm,Spot,Position,70,1000023698,1665611
121.41799926757812,37.320499420166016,µm,Spot,Position,71,1001316449,1673144
141.08799743652344,121.19000244140625,µm,Spot,Position,71,1000023698,1689194
80.93820190429688,28.15760040283203,µm,Spot,Position,72,1000053369,1695130
121.53600311279297,37.476200103759766,µm,Spot,Position,72,1001316449,1696948
141.32200622558594,121.25700378417969,µm,Spot,Position,72,1000023698,1713088
81.11859893798828,28.049699783325195,µm,Spot,Position,73,1000053369,1719020
121.51000213623047,37.296199798583984,µm,Spot,Position,73,1001316449,1720782
141.32200622558594,121.28600311279297,µm,Spot,Position,73,1000023698,1736832
81.53009796142578,28.148000717163086,µm,Spot,Position,74,1000053369,1742755
121.38400268554688,37.657501220703125,µm,Spot,Position,74,1001316449,1744644
141.3509979248047,121.1510009765625,µm,Spot,Position,74,1000023698,1760734
120.93800354003906,37.42829895019531,µm,Spot,Position,75,1001316449,1768424
141.2779998779297,120.99400329589844,µm,Spot,Position,75,1000023698,1784366
81.04350280761719,27.953500747680664,µm,Spot,Position,76,1000053369,1790322
120.83499908447266,37.713401794433594,µm,Spot,Position,76,1001316449,1792201
126.29000091552734,80.37879943847656,µm,Spot,Position,76,1001800361,1800361
141.2239990234375,120.81700134277344,µm,Spot,Position,76,1000023698,1808008
80.90160369873047,27.635000228881836,µm,Spot,Position,77,1000053369,1813935
121.28900146484375,37.84270095825195,µm,Spot,Position,77,1001316449,1815917
126.41699981689453,80.34429931640625,µm,Spot,Position,77,1001800361,1824052
141.36399841308594,120.87999725341797,µm,Spot,Position,77,1000023698,1831730
81.35910034179688,27.90399932861328,µm,Spot,Position,78,1000053369,1837691
121.01599884033203,37.714298248291016,µm,Spot,Position,78,1001316449,1839604
126.61499786376953,80.56210327148438,µm,Spot,Position,78,1001800361,1847777
141.54200744628906,121.01200103759766,µm,Spot,Position,78,1000023698,1855550
126.89199829101562,80.54669952392578,µm,Spot,Position,79,1001800361,1871693
141.5449981689453,120.7959976196289,µm,Spot,Position,79,1000023698,1879452
121.21399688720703,37.90829849243164,µm,Spot,Position,80,1001316449,1887376
127.2229995727539,80.77690124511719,µm,Spot,Position,80,1001800361,1895609
141.79800415039062,121.18099975585938,µm,Spot,Position,80,1000023698,1903466
77.3301010131836,27.23430061340332,µm,Spot,Position,81,1001909250,1909250
126.90899658203125,80.82389831542969,µm,Spot,Position,81,1001800361,1919647
141.8070068359375,121.5250015258789,µm,Spot,Position,81,1000023698,1927432
77.40149688720703,27.155799865722656,µm,Spot,Position,82,1001909250,1933172
126.38800048828125,80.55460357666016,µm,Spot,Position,82,1001800361,1943376
35.37839889526367,121.12100219726562,µm,Spot,Position,82,1001951134,1951134
141.74000549316406,121.34400177001953,µm,Spot,Position,82,1000023698,1951190
121.26399993896484,38.24209976196289,µm,Spot,Position,83,1001316449,1958998
147.51300048828125,42.85810089111328,µm,Spot,Position,83,1001959868,1959868
126.34400177001953,80.69429779052734,µm,Spot,Position,83,1001800361,1967169
35.04710006713867,121.12300109863281,µm,Spot,Position,83,1001951134,1974999
141.48399353027344,121.09700012207031,µm,Spot,Position,83,1000023698,1975021
121.09700012207031,38.32149887084961,µm,Spot,Position,84,1001316449,1982898
147.59100341796875,43.15530014038086,µm,Spot,Position,84,1001959868,1983881
126.30999755859375,81.03949737548828,µm,Spot,Position,84,1001800361,1991162
35.235198974609375,121.03299713134766,µm,Spot,Position,84,1001951134,1998790
141.55299377441406,121.13800048828125,µm,Spot,Position,84,1000023698,1998845
77.37979888916016,27.253400802612305,µm,Spot,Position,85,1001909250,2004667
121.2229995727539,38.44160079956055,µm,Spot,Position,85,1001316449,2006823
147.63800048828125,43.18510055541992,µm,Spot,Position,85,1001959868,2007714
126.04100036621094,81.04550170898438,µm,Spot,Position,85,1001800361,2015026
141.36099243164062,120.71600341796875,µm,Spot,Position,85,1000023698,2022588
35.18299865722656,121.77999877929688,µm,Spot,Position,85,1001951134,2022799
121.26899719238281,38.45640182495117,µm,Spot,Position,86,1001316449,2030650
147.88499450683594,43.319801330566406,µm,Spot,Position,86,1001959868,2031599
142.32400512695312,93.10169982910156,µm,Spot,Position,86,1002041143,2041143
141.3300018310547,120.26699829101562,µm,Spot,Position,86,1000023698,2046315
36.10260009765625,121.31300354003906,µm,Spot,Position,86,1001951134,2046508
121.81600189208984,38.361900329589844,µm,Spot,Position,87,1001316449,2054489
148.24000549316406,43.235801696777344,µm,Spot,Position,87,1001959868,2055478
126.62300109863281,81.33879852294922,µm,Spot,Position,87,1001800361,2062751
141.5279998779297,120.43699645996094,µm,Spot,Position,87,1000023698,2070247
36.20840072631836,121.33399963378906,µm,Spot,Position,87,1001951134,2070400
77.73519897460938,27.55900001525879,µm,Spot,Position,88,1001909250,2076207
121.93599700927734,38.29079818725586,µm,Spot,Position,88,1001316449,2078277
148.29200744628906,43.36399841308594,µm,Spot,Position,88,1001959868,2079225
141.6320037841797,120,µm,Spot,Position,88,1000023698,2094005
36.563499450683594,121.19999694824219,µm,Spot,Position,88,1001951134,2094194
77.61250305175781,27.31760025024414,µm,Spot,Position,89,1001909250,2100100
121.75800323486328,38.05849838256836,µm,Spot,Position,89,1001316449,2102177
148.42999267578125,43.09769821166992,µm,Spot,Position,89,1001959868,2103204
142.3280029296875,92.96099853515625,µm,Spot,Position,89,1002041143,2112747
141.63099670410156,120.40399932861328,µm,Spot,Position,89,1000023698,2118006
36.825599670410156,121.5250015258789,µm,Spot,Position,89,1001951134,2118188
77.49710083007812,26.95400047302246,µm,Spot,Position,90,1001909250,2123902
121.69599914550781,38.150699615478516,µm,Spot,Position,90,1001316449,2125972
148.8000030517578,42.879798889160156,µm,Spot,Position,90,1001959868,2126889
142.69700622558594,92.88300323486328,µm,Spot,Position,90,1002041143,2136511
36.90380096435547,121.35900115966797,µm,Spot,Position,90,1001951134,2141918
121.7969970703125,38.46220016479492,µm,Spot,Position,91,1001316449,2149783
148.4499969482422,43.27389907836914,µm,Spot,Position,91,1001959868,2150702
37.04570007324219,120.93099975585938,µm,Spot,Position,91,1001951134,2165686
77.05909729003906,26.805999755859375,µm,Spot,Position,92,1001909250,2171338
122.12200164794922,38.112300872802734,µm,Spot,Position,92,1001316449,2173542
148.6490020751953,42.585601806640625,µm,Spot,Position,92,1001959868,2174368
143.18800354003906,92.98490142822266,µm,Spot,Position,92,1002041143,2184030
36.96009826660156,121.34600067138672,µm,Spot,Position,92,1001951134,2189432
77.0988998413086,27,µm,Spot,Position,93,1001909250,2195160
121.91100311279297,38.054298400878906,µm,Spot,Position,93,1001316449,2197297
149.18800354003906,42.2322998046875,µm,Spot,Position,93,1001959868,2198165
143.20599365234375,93.71710205078125,µm,Spot,Position,93,1002041143,2208015
37.34260177612305,121.14700317382812,µm,Spot,Position,93,1001951134,2213273
77.68470001220703,27.618499755859375,µm,Spot,Position,94,1001909250,2219143
122.10299682617188,38.02050018310547,µm,Spot,Position,94,1001316449,2221127
149.52000427246094,42.18000030517578,µm,Spot,Position,94,1001959868,2221919
142.81300354003906,93.7239990234375,µm,Spot,Position,94,1002041143,2231852
37.131500244140625,120.7490005493164,µm,Spot,Position,94,1001951134,2237061
122.62100219726562,38.06079864501953,µm,Spot,Position,95,1001316449,2244977
149.58799743652344,42.269798278808594,µm,Spot,Position,95,1001959868,2245805
30.935300827026367,76.96510314941406,µm,Spot,Position,95,1002252440,2252440
142.83999633789062,93.22480010986328,µm,Spot,Position,95,1002041143,2255520
122.47100067138672,37.83760070800781,µm,Spot,Position,96,1001316449,2268572
149.2740020751953,42.014400482177734,µm,Spot,Position,96,1001959868,2269396
30.969600677490234,76.9260025024414,µm,Spot,Position,96,1002252440,2276097
142.8300018310547,92.5509033203125,µm,Spot,Position,96,1002041143,2279135
122.3499984741211,37.58639907836914,µm,Spot,Position,97,1001316449,2292354
31.06170082092285,77.24230194091797,µm,Spot,Position,97,1002252440,2299901
122.26200103759766,37.861000061035156,µm,Spot,Position,98,1001316449,2316193
149.7030029296875,41.8202018737793,µm,Spot,Position,98,1001959868,2316993
30.54829978942871,77.44989776611328,µm,Spot,Position,98,1002252440,2323782
122.31199645996094,37.74789810180664,µm,Spot,Position,99,1001316449,2339992
149.41900634765625,41.52909851074219,µm,Spot,Position,99,1001959868,2340689
46.463600158691406,63.16279983520508,µm,Spot,Position,99,1002344779,2344779
143.08099365234375,92.02290344238281,µm,Spot,Position,99,1002041143,2350323
122.08599853515625,37.81679916381836,µm,Spot,Position,100,1001316449,2363771
149.1230010986328,41.910301208496094,µm,Spot,Position,100,1001959868,2364579
30.366199493408203,77.26750183105469,µm,Spot,Position,100,1002252440,2371338
143.18600463867188,91.93800354003906,µm,Spot,Position,100,1002041143,2374179
122.01399993896484,37.79790115356445,µm,Spot,Position,101,1001316449,2387577
149.75599670410156,41.36690139770508,µm,Spot,Position,101,1001959868,2388272
143.13800048828125,92.16400146484375,µm,Spot,Position,101,1002041143,2398053
121.98500061035156,37.865699768066406,µm,Spot,Position,102,1001316449,2411504
150.1060028076172,41.58330154418945,µm,Spot,Position,102,1001959868,2412238
30.3262996673584,77.02999877929688,µm,Spot,Position,102,1002252440,2419043
36.92380142211914,120.06500244140625,µm,Spot,Position,102,1002427364,2427364
122.0719985961914,37.9723014831543,µm,Spot,Position,103,1001316449,2435377
150.27099609375,41.522098541259766,µm,Spot,Position,103,1001959868,2436052
46.30189895629883,63.08259963989258,µm,Spot,Position,103,1002344779,2440208
30.46470069885254,76.96320343017578,µm,Spot,Position,103,1002252440,2442909
37.040199279785156,120.03299713134766,µm,Spot,Position,103,1002427364,2451170
121.67400360107422,37.90409851074219,µm,Spot,Position,104,1001316449,2459235
150.44400024414062,41.721500396728516,µm,Spot,Position,104,1001959868,2459943
46.329498291015625,63.2776985168457,µm,Spot,Position,104,1002344779,2464029
109.78199768066406,69.70429992675781,µm,Spot,Position,104,1002465228,2465228
30.23579978942871,77.01029968261719,µm,Spot,Position,104,1002252440,2466684
142.6750030517578,91.339599609375,µm,Spot,Position,104,1002041143,2469454
37.215599060058594,119.89299774169922,µm,Spot,Position,104,1002427364,2475010
121.62699890136719,37.999000549316406,µm,Spot,Position,105,1001316449,2483119
150.52200317382812,41.474098205566406,µm,Spot,Position,105,1001959868,2483806
46.973899841308594,63.53810119628906,µm,Spot,Position,105,1002344779,2488043
30.32390022277832,77.63770294189453,µm,Spot,Position,105,1002252440,2490752
36.79439926147461,119.30899810791016,µm,Spot,Position,105,1002427364,2498680
150.4250030517578,41.56079864501953,µm,Spot,Position,106,1001959868,2507502
30.262500762939453,77.59089660644531,µm,Spot,Position,106,1002252440,2514361
142.39300537109375,91.49849700927734,µm,Spot,Position,106,1002041143,2517080
37.1973991394043,119.31999969482422,µm,Spot,Position,106,1002427364,2522280
121.38200378417969,37.75630187988281,µm,Spot,Position,107,1001316449,2530310
150.11599731445312,41.15610122680664,µm,Spot,Position,107,1001959868,2530954
46.13759994506836,63.87379837036133,µm,Spot,Position,107,1002344779,2535283
30.259300231933594,77.67340087890625,µm,Spot,Position,107,1002252440,2537945
121.36799621582031,37.9744987487793,µm,Spot,Position,108,1001316449,2554052
109.76899719238281,70.75170135498047,µm,Spot,Position,108,1002465228,2560257
30.06100082397461,77.74150085449219,µm,Spot,Position,108,1002252440,2561563
142.1439971923828,119,µm,Spot,Position,108,1002569488,2569488
37.487998962402344,119.25,µm,Spot,Position,108,1002427364,2569529
46.96659851074219,63.337100982666016,µm,Spot,Position,109,1002344779,2582512
109.66300201416016,70.7738037109375,µm,Spot,Position,109,1002465228,2584004
30.091999053955078,77.78510284423828,µm,Spot,Position,109,1002252440,2585363
29.90329933166504,77.38719940185547,µm,Spot,Position,110,1002252440,2608992
142.62899780273438,92.47679901123047,µm,Spot,Position,110,1002041143,2611907
149.6219940185547,40.681800842285156,µm,Spot,Position,111,1001959868,2625736
134.98500061035156,58.70539855957031,µm,Spot,Position,111,1002629201,2629201
142.83399963378906,92.05750274658203,µm,Spot,Position,111,1002041143,2635645
142.42300415039062,118.73300170898438,µm,Spot,Position,111,1002569488,2640785
36.731201171875,119.1989974975586,µm,Spot,Position,111,1002427364,2640839
149.33999633789062,40.73680114746094,µm,Spot,Position,112,1001959868,2649557
135.08900451660156,59.035400390625,µm,Spot,Position,112,1002629201,2653112
46.80339813232422,62.862300872802734,µm,Spot,Position,112,1002344779,2653830
110.03199768066406,70.70159912109375,µm,Spot,Position,112,1002465228,2655309
142.99400329589844,91.89929962158203,µm,Spot,Position,112,1002041143,2659352
142.25900268554688,118.59500122070312,µm,Spot,Position,112,1002569488,2664469
37.017398834228516,119.25800323486328,µm,Spot,Position,112,1002427364,2664560
149.28599548339844,40.615501403808594,µm,Spot,Position,113,1001959868,2673283
134.95399475097656,59.06330108642578,µm,Spot,Position,113,1002629201,2676818
109.74800109863281,70.44139862060547,µm,Spot,Position,113,1002465228,2679015
142.21499633789062,118.34600067138672,µm,Spot,Position,113,1002569488,2688211
36.56449890136719,119.46700286865234,µm,Spot,Position,113,1002427364,2688421
149.39999389648438,40.62919998168945,µm,Spot,Position,114,1001959868,2697065
135.2050018310547,59.14059829711914,µm,Spot,Position,114,1002629201,2700654
109.70999908447266,70.25599670410156,µm,Spot,Position,114,1002465228,2702823
142.01699829101562,117.87999725341797,µm,Spot,Position,114,1002569488,2711795
149.531005859375,40.47669982910156,µm,Spot,Position,115,1001959868,2720781
135.37100219726562,59.097801208496094,µm,Spot,Position,115,1002629201,2724374
141.96600341796875,118.03199768066406,µm,Spot,Position,115,1002569488,2735704
77.10299682617188,27.58639907836914,µm,Spot,Position,116,1002742066,2742066
149.4040069580078,40.37649917602539,µm,Spot,Position,116,1001959868,2744551
135.16600036621094,59.15739822387695,µm,Spot,Position,116,1002629201,2748175
141.92599487304688,118.25399780273438,µm,Spot,Position,116,1002569488,2759509
77.40249633789062,27.809600830078125,µm,Spot,Position,117,1002742066,2765982
134.85400390625,59.45859909057617,µm,Spot,Position,117,1002629201,2772045
109.22000122070312,69.86160278320312,µm,Spot,Position,117,1002465228,2773988
142.0260009765625,118.11499786376953,µm,Spot,Position,117,1002569488,2783249
150.5959930419922,40.50749969482422,µm,Spot,Position,118,1001959868,2792058
135.13800048828125,59.328399658203125,µm,Spot,Position,118,1002629201,2795661
141.92599487304688,118.23500061035156,µm,Spot,Position,118,1002569488,2806942
76.9386978149414,28.01959991455078,µm,Spot,Position,119,1002742066,2813344
121.21600341796875,38.13669967651367,µm,Spot,Position,119,1002815284,2815284
135.36000061035156,59.28609848022461,µm,Spot,Position,119,1002629201,2819358
142.0469970703125,117.99299621582031,µm,Spot,Position,119,1002569488,2830606
77.0895004272461,28.17840003967285,µm,Spot,Position,120,1002742066,2837101
120.86199951171875,38.05839920043945,µm,Spot,Position,120,1002815284,2839003
135.13999938964844,59.21329879760742,µm,Spot,Position,120,1002629201,2843116
114.375,78.62100219726562,µm,Spot,Position,120,1002846818,2846818
141.82400512695312,118.03500366210938,µm,Spot,Position,120,1002569488,2854426
77.1980972290039,28.27079963684082,µm,Spot,Position,121,1002742066,2860981
120.68099975585938,38.342201232910156,µm,Spot,Position,121,1002815284,2862911
135.36599731445312,59.488800048828125,µm,Spot,Position,121,1002629201,2867003
109.92900085449219,70.78510284423828,µm,Spot,Position,121,1002465228,2869119
114.2040023803711,78.50589752197266,µm,Spot,Position,121,1002846818,2870594
141.81100463867188,118.21499633789062,µm,Spot,Position,121,1002569488,2878250
120.56099700927734,38.60689926147461,µm,Spot,Position,122,1002815284,2886775
114.07599639892578,78.56620025634766,µm,Spot,Position,122,1002846818,2894414
141.8730010986328,118.13400268554688,µm,Spot,Position,122,1002569488,2902070
77.82830047607422,28.040599822998047,µm,Spot,Position,123,1002742066,2908621
120.48300170898438,38.62630081176758,µm,Spot,Position,123,1002815284,2910692
110.33799743652344,70.50420379638672,µm,Spot,Position,123,1002465228,2916789
114.20999908447266,78.49430084228516,µm,Spot,Position,123,1002846818,2918361
120.71900177001953,38.326499938964844,µm,Spot,Position,124,1002815284,2934425
134.81300354003906,59.85540008544922,µm,Spot,Position,124,1002629201,2938508
110.60600280761719,70.81729888916016,µm,Spot,Position,124,1002465228,2940611
114.27100372314453,78.24649810791016,µm,Spot,Position,124,1002846818,2942017
142.0489959716797,117.58000183105469,µm,Spot,Position,124,1002569488,2949517
78.02359771728516,28.358699798583984,µm,Spot,Position,125,1002742066,2956187
120.68699645996094,38.24549865722656,µm,Spot,Position,125,1002815284,2958057
135.0330047607422,59.571800231933594,µm,Spot,Position,125,1002629201,2962186
110.98600006103516,71.05970001220703,µm,Spot,Position,125,1002465228,2964402
114.20700073242188,78.12470245361328,µm,Spot,Position,125,1002846818,2965641
142.1300048828125,117.30000305175781,µm,Spot,Position,125,1002569488,2973236
77.90969848632812,28.0802001953125,µm,Spot,Position,126,1002742066,2979929
120.52899932861328,37.98139953613281,µm,Spot,Position,126,1002815284,2981847
134.4669952392578,59.69710159301758,µm,Spot,Position,126,1002629201,2985953
113.70899963378906,78.02410125732422,µm,Spot,Position,126,1002846818,2989510
77.76390075683594,27.740800857543945,µm,Spot,Position,127,1002742066,3003685
120.68399810791016,37.86429977416992,µm,Spot,Position,127,1002815284,3005651
134.28399658203125,59.67380142211914,µm,Spot,Position,127,1002629201,3009865
111.35900115966797,70.96530151367188,µm,Spot,Position,127,1002465228,3012038
113.6510009765625,77.78849792480469,µm,Spot,Position,127,1002846818,3013359
120.95999908447266,37.85599899291992,µm,Spot,Position,128,1002815284,3029516
134.4929962158203,59.93040084838867,µm,Spot,Position,128,1002629201,3033712
27.127899169921875,66.77940368652344,µm,Spot,Position,128,1003035034,3035034
113.50499725341797,77.64810180664062,µm,Spot,Position,128,1002846818,3037060
77.89839935302734,26.972400665283203,µm,Spot,Position,129,1002742066,3051155
120.85900115966797,37.641700744628906,µm,Spot,Position,129,1002815284,3053140
134.3560028076172,60.18880081176758,µm,Spot,Position,129,1002629201,3057541
27.495800018310547,66.22869873046875,µm,Spot,Position,129,1003035034,3058619
113.84200286865234,78.10870361328125,µm,Spot,Position,129,1002846818,3060953
121.1050033569336,37.42319869995117,µm,Spot,Position,130,1002815284,3076907
134.41200256347656,60.131900787353516,µm,Spot,Position,130,1002629201,3081318
27.849700927734375,66.23789978027344,µm,Spot,Position,130,1003035034,3082464
113.77899932861328,78.25589752197266,µm,Spot,Position,130,1002846818,3084791
79.2426986694336,26.979299545288086,µm,Spot,Position,131,1002742066,3098984
121.48699951171875,37.28260040283203,µm,Spot,Position,131,1002815284,3100971
134.01800537109375,60.02989959716797,µm,Spot,Position,131,1002629201,3105358
113.47599792480469,77.94979858398438,µm,Spot,Position,131,1002846818,3108825
37.47990036010742,118.43900299072266,µm,Spot,Position,131,1003116673,3116673
78.73989868164062,26.752300262451172,µm,Spot,Position,132,1002742066,3122900
121.60800170898438,36.832801818847656,µm,Spot,Position,132,1002815284,3124845
134.35800170898438,59.8385009765625,µm,Spot,Position,132,1002629201,3129276
27.874900817871094,65.87740325927734,µm,Spot,Position,132,1003035034,3130424
113.65599822998047,78.05370330810547,µm,Spot,Position,132,1002846818,3132781
37.31050109863281,118.26899719238281,µm,Spot,Position,132,1003116673,3140476
78.1969985961914,26.56839942932129,µm,Spot,Position,133,1002742066,3146615
121.44300079345703,36.841400146484375,µm,Spot,Position,133,1002815284,3148627
134.16299438476562,59.5880012512207,µm,Spot,Position,133,1002629201,3153080
27.94729995727539,65.69930267333984,µm,Spot,Position,133,1003035034,3154202
113.52899932861328,77.8677978515625,µm,Spot,Position,133,1002846818,3156586
37.26449966430664,118.33200073242188,µm,Spot,Position,133,1003116673,3164279
78.23680114746094,26.470600128173828,µm,Spot,Position,134,1002742066,3170461
121.01399993896484,36.994598388671875,µm,Spot,Position,134,1002815284,3172443
133.6280059814453,59.38930130004883,µm,Spot,Position,134,1002629201,3176685
27.86910057067871,65.86499786376953,µm,Spot,Position,134,1003035034,3177945
113.49600219726562,77.80329895019531,µm,Spot,Position,134,1002846818,3180270
114.96700286865234,104.95899963378906,µm,Spot,Position,134,1003185475,3185475
37.454200744628906,118.22899627685547,µm,Spot,Position,134,1003116673,3187983
78.19249725341797,26.1033992767334,µm,Spot,Position,135,1002742066,3194221
120.98999786376953,37.2672004699707,µm,Spot,Position,135,1002815284,3196410
133.41099548339844,59.335201263427734,µm,Spot,Position,135,1002629201,3200599
27.877399444580078,65.65239715576172,µm,Spot,Position,135,1003035034,3201781
113.44300079345703,78.14929962158203,µm,Spot,Position,135,1002846818,3204148
36.75529861450195,118.5979995727539,µm,Spot,Position,135,1003116673,3211906
77.79959869384766,25.89459991455078,µm,Spot,Position,136,1002742066,3217916
121.27300262451172,37.35660171508789,µm,Spot,Position,136,1002815284,3220082
133.63499450683594,59.206298828125,µm,Spot,Position,136,1002629201,3224311
27.841899871826172,65.60160064697266,µm,Spot,Position,136,1003035034,3225498
114.80599975585938,104.9530029296875,µm,Spot,Position,136,1003185475,3233075
36.94969940185547,118.42900085449219,µm,Spot,Position,136,1003116673,3235727
77.47429656982422,26.5447998046875,µm,Spot,Position,137,1002742066,3241835
121.63999938964844,37.25339889526367,µm,Spot,Position,137,1002815284,3243852
133.57200622558594,58.91579818725586,µm,Spot,Position,137,1002629201,3248020
27.989299774169922,65.49639892578125,µm,Spot,Position,137,1003035034,3249283
112.41999816894531,78.07959747314453,µm,Spot,Position,137,1002846818,3251697
37.21149826049805,117.76899719238281,µm,Spot,Position,137,1003116673,3259317
121.7959976196289,37.16400146484375,µm,Spot,Position,138,1002815284,3267588
28.351299285888672,65.57949829101562,µm,Spot,Position,138,1003035034,3273068
112.73699951171875,77.92680358886719,µm,Spot,Position,138,1002846818,3275455
37.176300048828125,117.85900115966797,µm,Spot,Position,138,1003116673,3283146
121.81999969482422,37.230899810791016,µm,Spot,Position,139,1002815284,3291594
113.93099975585938,105.01399993896484,µm,Spot,Position,139,1003185475,3304692
37.27090072631836,118.02899932861328,µm,Spot,Position,139,1003116673,3307164
121.83100128173828,37.26179885864258,µm,Spot,Position,140,1002815284,3315586
133.87899780273438,58.9370002746582,µm,Spot,Position,140,1002629201,3319734
113.35800170898438,105.2969970703125,µm,Spot,Position,140,1003185475,3328554
37.4739990234375,118.1240005493164,µm,Spot,Position,140,1003116673,3331039
77.62339782714844,27.249000549316406,µm,Spot,Position,141,1002742066,3337465
122.14399719238281,37.32600021362305,µm,Spot,Position,141,1002815284,3339434
133.66099548339844,58.83190155029297,µm,Spot,Position,141,1002629201,3343615
29.002500534057617,65.68109893798828,µm,Spot,Position,141,1003035034,3344897
113.02300262451172,105.48600006103516,µm,Spot,Position,141,1003185475,3352619
37.05059814453125,118.14299774169922,µm,Spot,Position,141,1003116673,3355082
122.56099700927734,37.472198486328125,µm,Spot,Position,142,1002815284,3363351
133.3179931640625,59.151100158691406,µm,Spot,Position,142,1002629201,3367510
29.36210060119629,66.13200378417969,µm,Spot,Position,142,1003035034,3368858
37.173301696777344,118.33699798583984,µm,Spot,Position,142,1003116673,3378825
122.48899841308594,37.480201721191406,µm,Spot,Position,143,1002815284,3387164
29.38719940185547,66.0427017211914,µm,Spot,Position,143,1003035034,3392626
112.94100189208984,106.24299621582031,µm,Spot,Position,143,1003185475,3400243
37.22200012207031,118.0260009765625,µm,Spot,Position,143,1003116673,3402464
122.03500366210938,37.38840103149414,µm,Spot,Position,144,1002815284,3410768
133.32200622558594,59.34049987792969,µm,Spot,Position,144,1002629201,3414984
113.26399993896484,106.5459976196289,µm,Spot,Position,144,1003185475,3424084
37.10309982299805,118.19400024414062,µm,Spot,Position,144,1003116673,3426273
122.03800201416016,37.39899826049805,µm,Spot,Position,145,1002815284,3434561
133.2729949951172,59.1068000793457,µm,Spot,Position,145,1002629201,3438716
113.72599792480469,106.86299896240234,µm,Spot,Position,145,1003185475,3447791
37.37990188598633,118.31300354003906,µm,Spot,Position,145,1003116673,3449960
121.88700103759766,37.5463981628418,µm,Spot,Position,146,1002815284,3458329
132.7790069580078,58.6421012878418,µm,Spot,Position,146,1002629201,3462383
113.50900268554688,106.7770004272461,µm,Spot,Position,146,1003185475,3471689
37.28269958496094,118.49199676513672,µm,Spot,Position,146,1003116673,3473961
122.01100158691406,37.4552001953125,µm,Spot,Position,147,1002815284,3482216
133.11599731445312,58.62459945678711,µm,Spot,Position,147,1002629201,3486233
36.781700134277344,118.11299896240234,µm,Spot,Position,147,1003116673,3497684
122.13899993896484,37.262901306152344,µm,Spot,Position,148,1002815284,3505960
133.10699462890625,58.854000091552734,µm,Spot,Position,148,1002629201,3510109
113.90499877929688,106.44999694824219,µm,Spot,Position,148,1003185475,3519143
122.072998046875,37.47890090942383,µm,Spot,Position,149,1002815284,3529725
133.29299926757812,59.045101165771484,µm,Spot,Position,149,1002629201,3533848
114.33799743652344,106.072998046875,µm,Spot,Position,149,1003185475,3542883
36.987300872802734,117.95800018310547,µm,Spot,Position,149,1003116673,3545166
122.14199829101562,37.33769989013672,µm,Spot,Position,150,1002815284,3553522
133.45199584960938,59.05339813232422,µm,Spot,Position,150,1002629201,3557706
114.88500213623047,105.98400115966797,µm,Spot,Position,152,1003185475,3614466
36.683101654052734,117.79100036621094,µm,Spot,Position,152,1003116673,3616721
114.55500030517578,105.80699920654297,µm,Spot,Position,153,1003185475,3638313
114.26100158691406,105.74199676513672,µm,Spot,Position,154,1003185475,3662311
134.26800537109375,58.83530044555664,µm,Spot,Position,155,1003677171,3677171
31.68269920349121,83.86540222167969,µm,Spot,Position,155,1003681978,3681978
143.88600158691406,116.28299713134766,µm,Spot,Position,155,1003688209,3688209
134.0330047607422,58.70029830932617,µm,Spot,Position,156,1003677171,3700925
31.68549919128418,83.83679962158203,µm,Spot,Position,156,1003681978,3705740
143.9250030517578,116.45099639892578,µm,Spot,Position,156,1003688209,3712023
133.6529998779297,58.51839828491211,µm,Spot,Position,157,1003677171,3724656
32.838401794433594,77.43150329589844,µm,Spot,Position,157,1003728331,3728331
114.10900115966797,104.36199951171875,µm,Spot,Position,157,1003185475,3733485
143.8699951171875,116.1760025024414,µm,Spot,Position,157,1003688209,3735766
36.99330139160156,117.87699890136719,µm,Spot,Position,157,1003736082,3736082
133.2220001220703,57.916099548339844,µm,Spot,Position,158,1003677171,3748372
33.036399841308594,77.42150115966797,µm,Spot,Position,158,1003728331,3752035
144.0330047607422,116.25599670410156,µm,Spot,Position,158,1003688209,3759467
133.2519989013672,57.85490036010742,µm,Spot,Position,159,1003677171,3772087
144.24600219726562,116.18699645996094,µm,Spot,Position,159,1003688209,3783394
133.04400634765625,57.59000015258789,µm,Spot,Position,160,1003677171,3795868
33.30939865112305,77.2572021484375,µm,Spot,Position,160,1003728331,3799650
31.86039924621582,83.06680297851562,µm,Spot,Position,160,1003681978,3800794
114.35099792480469,105.18800354003906,µm,Spot,Position,160,1003185475,3805028
143.9949951171875,115.72200012207031,µm,Spot,Position,160,1003688209,3807042
37.06869888305664,118.18900299072266,µm,Spot,Position,160,1003736082,3807485
133.07200622558594,57.36989974975586,µm,Spot,Position,161,1003677171,3819595
33.51150131225586,77.09609985351562,µm,Spot,Position,161,1003728331,3823395
114.68499755859375,105.37300109863281,µm,Spot,Position,161,1003185475,3828870
144.36900329589844,115.73500061035156,µm,Spot,Position,161,1003688209,3830845
37.17490005493164,118.4530029296875,µm,Spot,Position,161,1003736082,3831368
33.97719955444336,76.9551010131836,µm,Spot,Position,162,1003728331,3847103
114.90599822998047,105.4219970703125,µm,Spot,Position,162,1003185475,3852578
144.50599670410156,115.83499908447266,µm,Spot,Position,162,1003688209,3854639
133.35299682617188,57.2776985168457,µm,Spot,Position,163,1003677171,3867215
34.164798736572266,77.1167984008789,µm,Spot,Position,163,1003728331,3871045
31.526899337768555,83.49520111083984,µm,Spot,Position,163,1003681978,3872242
144.58900451660156,116.13099670410156,µm,Spot,Position,163,1003688209,3878593
37.66460037231445,118.55000305175781,µm,Spot,Position,163,1003736082,3879006
133.93299865722656,57.142601013183594,µm,Spot,Position,164,1003677171,3891085
34.0463981628418,77.02310180664062,µm,Spot,Position,164,1003728331,3894878
114.23799896240234,105.3759994506836,µm,Spot,Position,164,1003185475,3900288
144.64100646972656,116.18299865722656,µm,Spot,Position,164,1003688209,3902373
133.4290008544922,57.22079849243164,µm,Spot,Position,165,1003677171,3914821
33.8380012512207,77.19219970703125,µm,Spot,Position,165,1003728331,3918705
114.33699798583984,105.29499816894531,µm,Spot,Position,165,1003185475,3924040
144.8699951171875,116.14099884033203,µm,Spot,Position,165,1003688209,3926199
38.088401794433594,118.30999755859375,µm,Spot,Position,165,1003736082,3926569
133.3090057373047,57.15959930419922,µm,Spot,Position,166,1003677171,3938539
33.9208984375,77.53399658203125,µm,Spot,Position,166,1003728331,3942419
144.72000122070312,116.15299987792969,µm,Spot,Position,166,1003688209,3949873
37.88740158081055,118.05000305175781,µm,Spot,Position,166,1003736082,3950191
133.4980010986328,57.29389953613281,µm,Spot,Position,167,1003677171,3962286
33.70479965209961,77.61129760742188,µm,Spot,Position,167,1003728331,3966192
31.933900833129883,83.03700256347656,µm,Spot,Position,167,1003681978,3967288
114.52799987792969,105.19000244140625,µm,Spot,Position,167,1003185475,3971576
144.62399291992188,115.85600280761719,µm,Spot,Position,167,1003688209,3973619
37.93230056762695,118.26599884033203,µm,Spot,Position,167,1003736082,3974061
133.5749969482422,57.352699279785156,µm,Spot,Position,168,1003677171,3986242
33.890098571777344,76.91349792480469,µm,Spot,Position,168,1003728331,3990014
32.4208984375,83.06390380859375,µm,Spot,Position,168,1003681978,3991196
144.79800415039062,115.97200012207031,µm,Spot,Position,168,1003688209,3997510
37.96379852294922,118.21600341796875,µm,Spot,Position,168,1003736082,3997939
115.41799926757812,105.1510009765625,µm,Spot,Position,169,1003185475,4019299
145.17300415039062,115.95999908447266,µm,Spot,Position,169,1003688209,4021382
145.36399841308594,116.16899871826172,µm,Spot,Position,170,1003688209,4045114
37.80459976196289,117.69200134277344,µm,Spot,Position,170,1003736082,4045393
133.58799743652344,57.44380187988281,µm,Spot,Position,171,1003677171,4057487
145.4969940185547,115.98899841308594,µm,Spot,Position,171,1003688209,4068783
37.58169937133789,117.8290023803711,µm,Spot,Position,171,1003736082,4069106
133.572998046875,57.44409942626953,µm,Spot,Position,172,1003677171,4081157
145.27999877929688,115.68299865722656,µm,Spot,Position,172,1003688209,4092319
37.89039993286133,117.87799835205078,µm,Spot,Position,172,1003736082,4092732
122.46700286865234,35.458499908447266,µm,Spot,Position,173,1004100749,4100749
145.33599853515625,115.5719985961914,µm,Spot,Position,173,1003688209,4116159
37.91640090942383,117.52200317382812,µm,Spot,Position,173,1003736082,4116517
122.26200103759766,35.32609939575195,µm,Spot,Position,174,1004100749,4124640
145.27099609375,115.697998046875,µm,Spot,Position,174,1003688209,4140034
38.20610046386719,117.35800170898438,µm,Spot,Position,174,1003736082,4140317
122.31800079345703,35.214500427246094,µm,Spot,Position,175,1004100749,4148441
145.44400024414062,115.9729995727539,µm,Spot,Position,175,1003688209,4163930
38.12120056152344,117.33000183105469,µm,Spot,Position,175,1003736082,4164154
122.24099731445312,35.3911018371582,µm,Spot,Position,176,1004100749,4172237
134.5500030517578,56.37480163574219,µm,Spot,Position,176,1003677171,4176303
145.45599365234375,116.09500122070312,µm,Spot,Position,176,1003688209,4187733
38.09149932861328,117.53199768066406,µm,Spot,Position,176,1003736082,4187939
122.41300201416016,35.22589874267578,µm,Spot,Position,177,1004100749,4195963
134.4409942626953,56.62810134887695,µm,Spot,Position,177,1003677171,4200085
145.46400451660156,115.71499633789062,µm,Spot,Position,177,1003688209,4211460
38.33509826660156,117.06600189208984,µm,Spot,Position,177,1003736082,4211669
122.49700164794922,35.189300537109375,µm,Spot,Position,178,1004100749,4219735
134.51199340820312,56.22629928588867,µm,Spot,Position,178,1003677171,4223813
145.4320068359375,115.84200286865234,µm,Spot,Position,178,1003688209,4235285
38.364601135253906,116.60099792480469,µm,Spot,Position,178,1003736082,4235426
134.7830047607422,56.362300872802734,µm,Spot,Position,179,1003677171,4247682
145.62399291992188,115.71600341796875,µm,Spot,Position,179,1003688209,4259076
38.2672004699707,116.5780029296875,µm,Spot,Position,179,1003736082,4259227
122.10900115966797,35.042999267578125,µm,Spot,Position,180,1004100749,4267368
145.66200256347656,115.73699951171875,µm,Spot,Position,180,1003688209,4282797
38.659698486328125,116.50900268554688,µm,Spot,Position,180,1003736082,4282928
122.30500030517578,34.88140106201172,µm,Spot,Position,181,1004100749,4291056
134.5070037841797,55.89630126953125,µm,Spot,Position,181,1003677171,4295058
145.82000732421875,115.82499694824219,µm,Spot,Position,181,1003688209,4306679
38.73249816894531,116.79199981689453,µm,Spot,Position,181,1003736082,4306825
122.46099853515625,34.981300354003906,µm,Spot,Position,182,1004100749,4314955
146.02200317382812,115.95500183105469,µm,Spot,Position,182,1003688209,4330378
134.5540008544922,56.20249938964844,µm,Spot,Position,183,1003677171,4342665
146.06399536132812,115.63700103759766,µm,Spot,Position,183,1003688209,4354120
122.14600372314453,34.450599670410156,µm,Spot,Position,184,1004100749,4362299
134.5590057373047,56.44089889526367,µm,Spot,Position,184,1003677171,4366464
146.0449981689453,115.75499725341797,µm,Spot,Position,184,1003688209,4378039
38.380401611328125,117.38300323486328,µm,Spot,Position,184,1003736082,4378318
134.56100463867188,56.259300231933594,µm,Spot,Position,185,1003677171,4390352
145.9199981689453,115.58399963378906,µm,Spot,Position,185,1003688209,4401821
134.56100463867188,56.137298583984375,µm,Spot,Position,186,1003677171,4414189
31.721799850463867,65.00540161132812,µm,Spot,Position,186,1004415931,4415931
64.68170166015625,90.7332992553711,µm,Spot,Position,186,1004420872,4420872
145.9949951171875,115.36499786376953,µm,Spot,Position,186,1003688209,4425685
135.0959930419922,55.44839859008789,µm,Spot,Position,187,1003677171,4438126
146.2050018310547,115.27799987792969,µm,Spot,Position,187,1003688209,4449595
111.80000305175781,20.074499130249023,µm,Spot,Position,188,1004455143,4455143
98.4468994140625,45.61949920654297,µm,Spot,Position,188,1004460084,4460084
135.16000366210938,55.54840087890625,µm,Spot,Position,188,1003677171,4461995
32.0369987487793,65.2654037475586,µm,Spot,Position,188,1004415931,4463875
146.2480010986328,115.53600311279297,µm,Spot,Position,188,1003688209,4473569
97.85790252685547,45.740699768066406,µm,Spot,Position,189,1004460084,4484061
135.02999877929688,55.3656005859375,µm,Spot,Position,189,1003677171,4485872
31.888700485229492,65.09639739990234,µm,Spot,Position,189,1004415931,4487750
146.4550018310547,115.53900146484375,µm,Spot,Position,189,1003688209,4497458
111.88300323486328,19.715700149536133,µm,Spot,Position,190,1004455143,4503011
32.03820037841797,65.11940002441406,µm,Spot,Position,190,1004415931,4511600
64.09660339355469,91.97049713134766,µm,Spot,Position,190,1004420872,4516732
111.48400115966797,19.9419002532959,µm,Spot,Position,191,1004455143,4526812
32.09600067138672,65.45279693603516,µm,Spot,Position,191,1004415931,4535524
116.24800109863281,78.66649627685547,µm,Spot,Position,191,1004537999,4537999
64.50499725341797,92.02239990234375,µm,Spot,Position,191,1004420872,4540503
112.12899780273438,19.650299072265625,µm,Spot,Position,192,1004455143,4550332
135.43600463867188,54.472198486328125,µm,Spot,Position,192,1003677171,4556958
32.60459899902344,65.83809661865234,µm,Spot,Position,192,1004415931,4559109
116.04499816894531,78.52079772949219,µm,Spot,Position,192,1004537999,4561576
64.21060180664062,91.99629974365234,µm,Spot,Position,192,1004420872,4564178
146.88600158691406,115.3550033569336,µm,Spot,Position,192,1003688209,4568698
112.25599670410156,19.62380027770996,µm,Spot,Position,193,1004455143,4574124
97.74939727783203,46.006099700927734,µm,Spot,Position,193,1004460084,4579160
32.50680160522461,66.0365982055664,µm,Spot,Position,193,1004415931,4583048
116.10199737548828,78.69409942626953,µm,Spot,Position,193,1004537999,4585549
64.31079864501953,91.94000244140625,µm,Spot,Position,193,1004420872,4588108
147.0050048828125,115.13899993896484,µm,Spot,Position,193,1003688209,4592576
143.5919952392578,119.49700164794922,µm,Spot,Position,193,1004593413,4593413
32.82109832763672,65.74099731445312,µm,Spot,Position,194,1004415931,4606858
115.85900115966797,78.98799896240234,µm,Spot,Position,194,1004537999,4609370
63.832698822021484,92.0447006225586,µm,Spot,Position,194,1004420872,4611871
146.76800537109375,115.18399810791016,µm,Spot,Position,194,1003688209,4616394
143.4550018310547,119.41500091552734,µm,Spot,Position,194,1004593413,4617209
112.01899719238281,19.75480079650879,µm,Spot,Position,195,1004455143,4621860
98.12310028076172,45.687599182128906,µm,Spot,Position,195,1004460084,4626769
33.207801818847656,65.52580261230469,µm,Spot,Position,195,1004415931,4630570
116.04499816894531,79.06659698486328,µm,Spot,Position,195,1004537999,4633194
63.3484992980957,92.53479766845703,µm,Spot,Position,195,1004420872,4635689
146.44700622558594,114.80500030517578,µm,Spot,Position,195,1003688209,4639992
143.50799560546875,119.28600311279297,µm,Spot,Position,195,1004593413,4640850
112.04399871826172,19.983800888061523,µm,Spot,Position,196,1004455143,4645626
33.31370162963867,65.54730224609375,µm,Spot,Position,196,1004415931,4654382
116.18499755859375,79.18389892578125,µm,Spot,Position,196,1004537999,4656995
63.114200592041016,92.26799774169922,µm,Spot,Position,196,1004420872,4659419
146.20199584960938,114.71099853515625,µm,Spot,Position,196,1003688209,4663763
143.7779998779297,119.4020004272461,µm,Spot,Position,196,1004593413,4664669
112.53700256347656,20.313400268554688,µm,Spot,Position,197,1004455143,4669555
116.34700012207031,79.30349731445312,µm,Spot,Position,197,1004537999,4680884
63.1083984375,91.97810363769531,µm,Spot,Position,197,1004420872,4683308
146.28900146484375,114.76300048828125,µm,Spot,Position,197,1003688209,4687666
143.51699829101562,119.56900024414062,µm,Spot,Position,197,1004593413,4688589
112.4749984741211,20.503700256347656,µm,Spot,Position,198,1004455143,4693255
31.659700393676758,81.71589660644531,µm,Spot,Position,198,1004704903,4704903
63.2947998046875,91.63240051269531,µm,Spot,Position,198,1004420872,4706844
146.2899932861328,114.70600128173828,µm,Spot,Position,198,1003688209,4711246
143.81100463867188,119.90299987792969,µm,Spot,Position,198,1004593413,4712278
112.6240005493164,20.87070083618164,µm,Spot,Position,199,1004455143,4717074
98.30380249023438,45.72890090942383,µm,Spot,Position,199,1004460084,4721840
33.27669906616211,65.222900390625,µm,Spot,Position,199,1004415931,4725616
31.678300857543945,81.82080078125,µm,Spot,Position,199,1004704903,4728795
63.2781982421875,91.84660339355469,µm,Spot,Position,199,1004420872,4730727
146.218994140625,114.22000122070312,µm,Spot,Position,199,1003688209,4734945
143.49600219726562,119.97599792480469,µm,Spot,Position,199,1004593413,4736052
31.851299285888672,81.69300079345703,µm,Spot,Position,200,1004704903,4752420
146.1739959716797,114.20700073242188,µm,Spot,Position,200,1003688209,4758673
98.2562026977539,44.90840148925781,µm,Spot,Position,201,1004460084,4769147
33.37369918823242,64.84220123291016,µm,Spot,Position,201,1004415931,4772891
115.37000274658203,80.15809631347656,µm,Spot,Position,201,1004537999,4775871
31.35890007019043,81.2676010131836,µm,Spot,Position,201,1004704903,4776067
145.77099609375,114.05400085449219,µm,Spot,Position,201,1003688209,4782341
143.27499389648438,119.9749984741211,µm,Spot,Position,201,1004593413,4783482
113.43299865722656,20.73780059814453,µm,Spot,Position,202,1004455143,4788215
33.53020095825195,64.79609680175781,µm,Spot,Position,202,1004415931,4796678
115.62100219726562,80.2157974243164,µm,Spot,Position,202,1004537999,4799582
41.245601654052734,44.10770034790039,µm,Spot,Position,203,1004816463,4816463
134.47799682617188,55.39059829711914,µm,Spot,Position,203,1004818651,4818651
33.5640983581543,64.89309692382812,µm,Spot,Position,203,1004415931,4820464
115.78399658203125,80.47920227050781,µm,Spot,Position,203,1004537999,4823468
146.25999450683594,113.32499694824219,µm,Spot,Position,203,1003688209,4829757
143.8350067138672,119.68599700927734,µm,Spot,Position,203,1004593413,4830937
113.15699768066406,20.73539924621582,µm,Spot,Position,204,1004455143,4835743
41.777400970458984,44.06700134277344,µm,Spot,Position,204,1004816463,4840189
134.75799560546875,55.231201171875,µm,Spot,Position,204,1004818651,4842334
33.909698486328125,65.27980041503906,µm,Spot,Position,204,1004415931,4844206
115.98300170898438,80.24909973144531,µm,Spot,Position,204,1004537999,4847092
31.70359992980957,81.46240234375,µm,Spot,Position,204,1004704903,4847307
62.027801513671875,91.97560119628906,µm,Spot,Position,204,1004849365,4849365
146.2729949951172,113.72799682617188,µm,Spot,Position,204,1003688209,4853573
143.9290008544922,119.26300048828125,µm,Spot,Position,204,1004593413,4854660
113.01100158691406,20.14150047302246,µm,Spot,Position,205,1004455143,4859421
42.02299880981445,44.27799987792969,µm,Spot,Position,205,1004816463,4864048
33.567100524902344,65.63739776611328,µm,Spot,Position,205,1004415931,4868113
127.32499694824219,78.12670135498047,µm,Spot,Position,205,1004870491,4870491
115.83599853515625,79.66200256347656,µm,Spot,Position,205,1004537999,4870835
62.057098388671875,92.31520080566406,µm,Spot,Position,205,1004849365,4873246
144.41400146484375,119.47100067138672,µm,Spot,Position,205,1004593413,4878495
41.90679931640625,44.14699935913086,µm,Spot,Position,206,1004816463,4887849
33.909698486328125,65.74259948730469,µm,Spot,Position,206,1004415931,4892010
62.21269989013672,92.1436996459961,µm,Spot,Position,206,1004849365,4897050
113.20999908447266,19.909900665283203,µm,Spot,Position,207,1004455143,4907023
41.78519821166992,44.412200927734375,µm,Spot,Position,207,1004816463,4911580
134.17599487304688,55.29779815673828,µm,Spot,Position,207,1004818651,4913673
33.976898193359375,65.32140350341797,µm,Spot,Position,207,1004415931,4915589
127.20700073242188,78.29540252685547,µm,Spot,Position,207,1004870491,4918023
116.20500183105469,79.60420227050781,µm,Spot,Position,207,1004537999,4918287
31.539600372314453,81.86389923095703,µm,Spot,Position,207,1004704903,4918714
62.217201232910156,92.88020324707031,µm,Spot,Position,207,1004849365,4920821
146.3489990234375,113.90899658203125,µm,Spot,Position,207,1003688209,4924729
113.05799865722656,19.572399139404297,µm,Spot,Position,208,1004455143,4930425
41.81380081176758,44.200599670410156,µm,Spot,Position,208,1004816463,4935125
34.29909896850586,65.50800323486328,µm,Spot,Position,208,1004415931,4939198
127.7699966430664,78.40239715576172,µm,Spot,Position,208,1004870491,4941626
116.44300079345703,79.78759765625,µm,Spot,Position,208,1004537999,4941863
62.285301208496094,92.59829711914062,µm,Spot,Position,208,1004849365,4944345
112.53900146484375,19.474899291992188,µm,Spot,Position,209,1004455143,4954115
34.226600646972656,65.73269653320312,µm,Spot,Position,209,1004415931,4962890
128.2030029296875,78.6063003540039,µm,Spot,Position,209,1004870491,4965340
31.210899353027344,81.49220275878906,µm,Spot,Position,209,1004704903,4965931
62.53609848022461,92.71170043945312,µm,Spot,Position,209,1004849365,4968047
146.2729949951172,113.99099731445312,µm,Spot,Position,209,1003688209,4972206
112.35900115966797,19.326099395751953,µm,Spot,Position,210,1004455143,4977823
133.9499969482422,55.196800231933594,µm,Spot,Position,210,1004818651,4984749
34.38650131225586,66.03160095214844,µm,Spot,Position,210,1004415931,4986772
128.29600524902344,78.53980255126953,µm,Spot,Position,210,1004870491,4989177
116.4219970703125,78.80269622802734,µm,Spot,Position,210,1004537999,4989233
61.709999084472656,92.44869995117188,µm,Spot,Position,210,1004849365,4991836
146.23899841308594,114.36699676513672,µm,Spot,Position,210,1003688209,4996032
112.13300323486328,19.286500930786133,µm,Spot,Position,211,1004455143,5001668
42.42959976196289,44.27880096435547,µm,Spot,Position,211,1004816463,5006489
34.06460189819336,66.09600067138672,µm,Spot,Position,211,1004415931,5010661
127.90899658203125,78.75330352783203,µm,Spot,Position,211,1004870491,5013065
61.830501556396484,92.47899627685547,µm,Spot,Position,211,1004849365,5015725
85.10800170898438,95.56819915771484,µm,Spot,Position,211,1005016354,5016354
146.3209991455078,114.88300323486328,µm,Spot,Position,211,1003688209,5020063
112.03199768066406,19.128299713134766,µm,Spot,Position,212,1004455143,5025424
42.45009994506836,44.31610107421875,µm,Spot,Position,212,1004816463,5030318
116.5530014038086,78.31790161132812,µm,Spot,Position,212,1004537999,5036831
127.98200225830078,78.48760223388672,µm,Spot,Position,212,1004870491,5036841
146.39100646972656,114.73200225830078,µm,Spot,Position,212,1003688209,5043784
111.9489974975586,19.098499298095703,µm,Spot,Position,213,1004455143,5049192
42.35530090332031,44.50849914550781,µm,Spot,Position,213,1004816463,5054062
134.04100036621094,55.152099609375,µm,Spot,Position,213,1004818651,5056129
116.85099792480469,78.36530303955078,µm,Spot,Position,213,1004537999,5060535
128.2310028076172,78.56800079345703,µm,Spot,Position,213,1004870491,5060588
61.81660079956055,92.89250183105469,µm,Spot,Position,213,1004849365,5063273
146.64999389648438,114.72799682617188,µm,Spot,Position,213,1003688209,5067496
144.927001953125,117.94200134277344,µm,Spot,Position,213,1005068119,5068119
42.437801361083984,44.24259948730469,µm,Spot,Position,214,1004816463,5077642
134.031005859375,55.10020065307617,µm,Spot,Position,214,1004818651,5079739
33.98500061035156,66.51300048828125,µm,Spot,Position,214,1004415931,5081921
116.99600219726562,78.4385986328125,µm,Spot,Position,214,1004537999,5084260
128.0500030517578,78.472900390625,µm,Spot,Position,214,1004870491,5084262
61.91559982299805,92.78089904785156,µm,Spot,Position,214,1004849365,5087025
85.34410095214844,94.85769653320312,µm,Spot,Position,214,1005016354,5087407
146.5050048828125,114.66899871826172,µm,Spot,Position,214,1003688209,5091291
144.73599243164062,118.0260009765625,µm,Spot,Position,214,1005068119,5091895
42.0703010559082,43.974700927734375,µm,Spot,Position,215,1004816463,5101496
133.92300415039062,55.72570037841797,µm,Spot,Position,215,1004818651,5103776
33.873600006103516,66.08560180664062,µm,Spot,Position,215,1004415931,5105795
116.60199737548828,78.4281997680664,µm,Spot,Position,215,1004537999,5108204
127.96199798583984,78.75469970703125,µm,Spot,Position,215,1004870491,5108267
85.1594009399414,94.3375015258789,µm,Spot,Position,215,1005016354,5111324
146.48800659179688,114.77100372314453,µm,Spot,Position,215,1003688209,5115224
42.08440017700195,43.98649978637695,µm,Spot,Position,216,1004816463,5125378
134.35000610351562,55.72959899902344,µm,Spot,Position,216,1004818651,5127687
127.88700103759766,78.48040008544922,µm,Spot,Position,216,1004870491,5132018
61.30929946899414,92.99939727783203,µm,Spot,Position,216,1004849365,5134873
146.5240020751953,114.74400329589844,µm,Spot,Position,216,1003688209,5138964
145.48599243164062,118.68399810791016,µm,Spot,Position,216,1005068119,5139709
42.417301177978516,43.89469909667969,µm,Spot,Position,217,1004816463,5149174
116.70800018310547,78.33789825439453,µm,Spot,Position,217,1004537999,5155844
127.76000213623047,78.35220336914062,µm,Spot,Position,217,1004870491,5155846
146.8459930419922,114.84400177001953,µm,Spot,Position,217,1003688209,5162821
146.2949981689453,118.66899871826172,µm,Spot,Position,217,1005068119,5163599
133.58599853515625,56.42290115356445,µm,Spot,Position,218,1004818651,5175467
33.871498107910156,65.21800231933594,µm,Spot,Position,218,1004415931,5177165
116.67500305175781,78.37120056152344,µm,Spot,Position,218,1004537999,5179691
80.14070129394531,92.17749786376953,µm,Spot,Position,218,1005182351,5182351
61.3661003112793,92.48999786376953,µm,Spot,Position,218,1004849365,5182409
146.86399841308594,114.96299743652344,µm,Spot,Position,218,1003688209,5186778
146.43499755859375,118.98300170898438,µm,Spot,Position,218,1005068119,5187512
34.18600082397461,65.131103515625,µm,Spot,Position,219,1004415931,5200857
61.29710006713867,92.65879821777344,µm,Spot,Position,219,1004849365,5206122
85.71949768066406,94.064697265625,µm,Spot,Position,219,1005016354,5206432
146.9029998779297,118.66799926757812,µm,Spot,Position,219,1005068119,5211086
42.271400451660156,43.621299743652344,µm,Spot,Position,220,1004816463,5220475
33.87009811401367,64.89630126953125,µm,Spot,Position,220,1004415931,5224493
117.06500244140625,78.36299896240234,µm,Spot,Position,220,1004537999,5227107
61.13890075683594,92.3759994506836,µm,Spot,Position,220,1004849365,5229750
85.84149932861328,93.77980041503906,µm,Spot,Position,220,1005016354,5230053
117.23500061035156,78.44660186767578,µm,Spot,Position,221,1004537999,5250934
80.24349975585938,91.32649993896484,µm,Spot,Position,221,1005182351,5253388
61.320701599121094,92.1593017578125,µm,Spot,Position,221,1004849365,5253533
86.04239654541016,94.26799774169922,µm,Spot,Position,221,1005016354,5253951
147.06199645996094,114.68399810791016,µm,Spot,Position,221,1003688209,5257861
147.36000061035156,118.05699920654297,µm,Spot,Position,221,1005068119,5258469
34.07429885864258,65.13040161132812,µm,Spot,Position,222,1004415931,5272177
117.50199890136719,78.67839813232422,µm,Spot,Position,222,1004537999,5274788
61.1088981628418,91.40740203857422,µm,Spot,Position,222,1004849365,5277192
86.60769653320312,94.82150268554688,µm,Spot,Position,222,1005016354,5277866
41.939998626708984,43.64099884033203,µm,Spot,Position,223,1004816463,5291797
133.052001953125,55.49369812011719,µm,Spot,Position,223,1005294107,5294107
34.42369842529297,65.37940216064453,µm,Spot,Position,223,1004415931,5295941
60.940101623535156,91.72830200195312,µm,Spot,Position,223,1004849365,5301037
86.46520233154297,94.36599731445312,µm,Spot,Position,223,1005016354,5301564
147.27099609375,115.04900360107422,µm,Spot,Position,223,1003688209,5305668
147.27699279785156,118.07499694824219,µm,Spot,Position,223,1005068119,5306270
42.23569869995117,43.64070129394531,µm,Spot,Position,224,1004816463,5315745
133.20399475097656,55.42179870605469,µm,Spot,Position,224,1005294107,5317996
34.50199890136719,65.5281982421875,µm,Spot,Position,224,1004415931,5319860
117.15599822998047,78.67530059814453,µm,Spot,Position,224,1004537999,5322388
79.55570220947266,91.28459930419922,µm,Spot,Position,224,1005182351,5324757
147.39300537109375,115.17900085449219,µm,Spot,Position,224,1003688209,5329314
147.13600158691406,118.21199798583984,µm,Spot,Position,224,1005068119,5329874
42.174800872802734,43.93220138549805,µm,Spot,Position,225,1004816463,5339245
133.4550018310547,54.7765007019043,µm,Spot,Position,225,1005294107,5341306
34.33359909057617,65.17060089111328,µm,Spot,Position,225,1004415931,5343285
117.14299774169922,78.38500213623047,µm,Spot,Position,225,1004537999,5345855
147.15899658203125,117.5250015258789,µm,Spot,Position,225,1005068119,5353350
42.182098388671875,44.142601013183594,µm,Spot,Position,226,1004816463,5363049
133.57899475097656,54.788299560546875,µm,Spot,Position,226,1005294107,5365101
34.272098541259766,64.79550170898438,µm,Spot,Position,226,1004415931,5366975
117.2020034790039,78.36019897460938,µm,Spot,Position,226,1004537999,5369640
146.65199279785156,117.35900115966797,µm,Spot,Position,226,1005068119,5377048
42.38999938964844,44.66590118408203,µm,Spot,Position,227,1004816463,5386894
133.875,54.684200286865234,µm,Spot,Position,227,1005294107,5388930
34.217201232910156,64.34960174560547,µm,Spot,Position,227,1004415931,5390706
117.03700256347656,78.4032974243164,µm,Spot,Position,227,1004537999,5393420
79.15029907226562,91.47419738769531,µm,Spot,Position,227,1005182351,5395950
147.44400024414062,114.625,µm,Spot,Position,227,1003688209,5400417
146.39700317382812,117.3550033569336,µm,Spot,Position,227,1005068119,5400950
42.653099060058594,44.27069854736328,µm,Spot,Position,228,1004816463,5410683
134.0570068359375,54.43220138549805,µm,Spot,Position,228,1005294107,5412615
34.11109924316406,63.820499420166016,µm,Spot,Position,228,1004415931,5414401
117.18299865722656,78.46790313720703,µm,Spot,Position,228,1004537999,5417218
78.45950317382812,89.94940185546875,µm,Spot,Position,228,1005182351,5419497
147.74000549316406,114.72899627685547,µm,Spot,Position,228,1003688209,5424312
146.5989990234375,117.21199798583984,µm,Spot,Position,228,1005068119,5424744
134.24400329589844,54.67259979248047,µm,Spot,Position,229,1005294107,5436500
34.200199127197266,63.76340103149414,µm,Spot,Position,229,1004415931,5438225
116.85600280761719,78.4541015625,µm,Spot,Position,229,1004537999,5441048
78.62470245361328,90.15889739990234,µm,Spot,Position,229,1005182351,5443306
147.81500244140625,114.66600036621094,µm,Spot,Position,229,1003688209,5448059
146.39999389648438,117.40899658203125,µm,Spot,Position,229,1005068119,5448523
42.627601623535156,43.950401306152344,µm,Spot,Position,230,1004816463,5458191
134.75599670410156,54.83660125732422,µm,Spot,Position,230,1005294107,5460290
116.49299621582031,78.41230010986328,µm,Spot,Position,230,1004537999,5464840
78.4094009399414,90.1532974243164,µm,Spot,Position,230,1005182351,5467070
147.87399291992188,114.4489974975586,µm,Spot,Position,230,1003688209,5471776
146.42799377441406,117.16600036621094,µm,Spot,Position,230,1005068119,5472273
134.59800720214844,54.7672004699707,µm,Spot,Position,231,1005294107,5484160
116.64299774169922,78.3062973022461,µm,Spot,Position,231,1004537999,5488662
147.83399963378906,114.59600067138672,µm,Spot,Position,231,1003688209,5495708
116.02799987792969,78.57689666748047,µm,Spot,Position,232,1004537999,5512549
77.69419860839844,89.80750274658203,µm,Spot,Position,232,1005182351,5514706
147.99600219726562,114.39700317382812,µm,Spot,Position,232,1003688209,5519502
42.43050003051758,43.97809982299805,µm,Spot,Position,233,1004816463,5529717
135.06700134277344,54.098899841308594,µm,Spot,Position,233,1005294107,5531713
116.2229995727539,78.58300018310547,µm,Spot,Position,233,1004537999,5536328
147.99600219726562,114.74600219726562,µm,Spot,Position,233,1003688209,5543251
42.695499420166016,44.105098724365234,µm,Spot,Position,234,1004816463,5553458
116.16799926757812,78.52619934082031,µm,Spot,Position,234,1004537999,5560084
77.63200378417969,89.91300201416016,µm,Spot,Position,234,1005182351,5562248
148.0709991455078,114.75,µm,Spot,Position,234,1003688209,5567001
42.671600341796875,43.68389892578125,µm,Spot,Position,235,1004816463,5577237
134.97300720214844,54.157501220703125,µm,Spot,Position,235,1005294107,5579270
115.94000244140625,78.05280303955078,µm,Spot,Position,235,1004537999,5583865
42.317901611328125,43.663299560546875,µm,Spot,Position,236,1004816463,5601244
32.934898376464844,82.00240325927734,µm,Spot,Position,236,1005608603,5608603
42.03950119018555,43.46049880981445,µm,Spot,Position,237,1004816463,5625040
77.3915023803711,90.26129913330078,µm,Spot,Position,237,1005182351,5634137
42.314701080322266,43.344200134277344,µm,Spot,Position,238,1004816463,5648832
115.33399963378906,77.54989624023438,µm,Spot,Position,238,1004537999,5655404
77.15460205078125,90.37899780273438,µm,Spot,Position,238,1005182351,5657810
42.195499420166016,43.3130989074707,µm,Spot,Position,239,1004816463,5672618
115.85900115966797,77.23419952392578,µm,Spot,Position,239,1004537999,5679178
32.88180160522461,81.23139953613281,µm,Spot,Position,239,1005608603,5679954
77.06659698486328,90.52729797363281,µm,Spot,Position,239,1005182351,5681782
42.27690124511719,43.49300003051758,µm,Spot,Position,240,1004816463,5696541
115.69400024414062,76.8291015625,µm,Spot,Position,240,1004537999,5702883
32.85770034790039,81.25959777832031,µm,Spot,Position,240,1005608603,5703755
77.44650268554688,90.43560028076172,µm,Spot,Position,240,1005182351,5705576
115.5530014038086,76.53299713134766,µm,Spot,Position,241,1004537999,5726715
32.6619987487793,81.24669647216797,µm,Spot,Position,241,1005608603,5727552
115.38300323486328,76.4738998413086,µm,Spot,Position,242,1004537999,5750506
42.934200286865234,43.88199996948242,µm,Spot,Position,243,1004816463,5767939
115.61199951171875,75.77120208740234,µm,Spot,Position,243,1004537999,5774009
77.43579864501953,90.34860229492188,µm,Spot,Position,243,1005182351,5776794
119.49700164794922,102.70500183105469,µm,Spot,Position,243,1005779192,5779192
43.292198181152344,43.77389907836914,µm,Spot,Position,244,1004816463,5791648
115.29100036621094,75.28489685058594,µm,Spot,Position,244,1004537999,5797716
32.3838005065918,81.12049865722656,µm,Spot,Position,244,1005608603,5798793
119.91699981689453,103.01200103759766,µm,Spot,Position,244,1005779192,5803034
43.62329864501953,43.65719985961914,µm,Spot,Position,245,1004816463,5815208
114.78600311279297,75.04570007324219,µm,Spot,Position,245,1004537999,5821334
32.26599884033203,80.41560363769531,µm,Spot,Position,245,1005608603,5822331
119.85199737548828,102.75199890136719,µm,Spot,Position,245,1005779192,5826689
115.10600280761719,75.17859649658203,µm,Spot,Position,246,1004537999,5845254
32.276100158691406,80.27770233154297,µm,Spot,Position,246,1005608603,5846219
76.9031982421875,89.71980285644531,µm,Spot,Position,246,1005182351,5848071
43.50979995727539,42.91189956665039,µm,Spot,Position,247,1004816463,5863029
77.23629760742188,90.16819763183594,µm,Spot,Position,247,1005182351,5872112
38.65639877319336,19.41349983215332,µm,Spot,Position,248,1005882413,5882413
35.038299560546875,64.18119812011719,µm,Spot,Position,248,1005891011,5891011
115.3219985961914,75.3407974243164,µm,Spot,Position,248,1004537999,5893183
31.910400390625,79.36039733886719,µm,Spot,Position,248,1005608603,5893983
77.8781967163086,89.80789947509766,µm,Spot,Position,248,1005182351,5896002
35.123199462890625,64.86389923095703,µm,Spot,Position,249,1005891011,5915001
119.62100219726562,102.40299987792969,µm,Spot,Position,249,1005779192,5922179
127.64399719238281,14.214900016784668,µm,Spot,Position,250,1005929066,5929066
38.85279846191406,19.59760093688965,µm,Spot,Position,250,1005882413,5930061
43.78269958496094,43.41569900512695,µm,Spot,Position,250,1004816463,5934638
35.173099517822266,65.77559661865234,µm,Spot,Position,250,1005891011,5938916
115.56400299072266,75.51390075683594,µm,Spot,Position,250,1004537999,5940816
120.1709976196289,102.52200317382812,µm,Spot,Position,250,1005779192,5946089
35.375099182128906,66.14579772949219,µm,Spot,Position,251,1005891011,5962786
115.44300079345703,75.29540252685547,µm,Spot,Position,251,1004537999,5964601
32.345401763916016,79.4352035522461,µm,Spot,Position,251,1005608603,5965389
120.03900146484375,102.322998046875,µm,Spot,Position,251,1005779192,5969831
127.72599792480469,14.61769962310791,µm,Spot,Position,252,1005929066,5976896
35.030399322509766,66.58650207519531,µm,Spot,Position,252,1005891011,5986841
127.572998046875,14.604000091552734,µm,Spot,Position,253,1005929066,6000711
35.24689865112305,66.5562973022461,µm,Spot,Position,253,1005891011,6010708
115.06500244140625,74.94940185546875,µm,Spot,Position,253,1004537999,6012348
119.91200256347656,102.0530014038086,µm,Spot,Position,253,1005779192,6017562
127.81999969482422,14.718000411987305,µm,Spot,Position,254,1005929066,6024565
38.847999572753906,20.131399154663086,µm,Spot,Position,254,1005882413,6025634
43.7692985534668,43.15800094604492,µm,Spot,Position,254,1004816463,6030006
35.03110122680664,66.368896484375,µm,Spot,Position,254,1005891011,6034439
114.93399810791016,75.37319946289062,µm,Spot,Position,254,1004537999,6036221
120.18599700927734,101.72100067138672,µm,Spot,Position,254,1005779192,6041255
127.93299865722656,14.609199523925781,µm,Spot,Position,255,1005929066,6048371
39.17639923095703,19.778499603271484,µm,Spot,Position,255,1005882413,6049392
35.002201080322266,66.6458969116211,µm,Spot,Position,255,1005891011,6058409
114.91500091552734,75.78119659423828,µm,Spot,Position,255,1004537999,6060216
128.30099487304688,14.739500045776367,µm,Spot,Position,256,1005929066,6072347
39.138301849365234,20.4325008392334,µm,Spot,Position,256,1005882413,6073418
115.37000274658203,75.7197036743164,µm,Spot,Position,256,1004537999,6084165
128.5780029296875,15.003000259399414,µm,Spot,Position,257,1005929066,6096403
128.49600219726562,14.563400268554688,µm,Spot,Position,258,1005929066,6120122
38.9015007019043,20.216699600219727,µm,Spot,Position,258,1005882413,6121136
44.454200744628906,43.04059982299805,µm,Spot,Position,258,1004816463,6125488
35.23699951171875,67.29989624023438,µm,Spot,Position,258,1005891011,6130175
128.46600341796875,14.456899642944336,µm,Spot,Position,259,1005929066,6143928
44.34920120239258,42.898101806640625,µm,Spot,Position,259,1004816463,6149359
128.03399658203125,14.748000144958496,µm,Spot,Position,260,1005929066,6167825
38.79869842529297,20.771299362182617,µm,Spot,Position,260,1005882413,6168934
128.04100036621094,14.66469955444336,µm,Spot,Position,261,1005929066,6191719
38.60770034790039,20.84429931640625,µm,Spot,Position,261,1005882413,6192867
44.49250030517578,42.527801513671875,µm,Spot,Position,261,1004816463,6197094
35.630001068115234,67.61280059814453,µm,Spot,Position,261,1005891011,6201859
128.0850067138672,14.78969955444336,µm,Spot,Position,262,1005929066,6215534
44.51789855957031,42.593101501464844,µm,Spot,Position,262,1004816463,6220850
35.09199905395508,67.18409729003906,µm,Spot,Position,262,1005891011,6225536
35.230499267578125,66.625,µm,Spot,Position,263,1005891011,6249051
128.26800537109375,15.463600158691406,µm,Spot,Position,264,1005929066,6263063
44.84349822998047,42.51100158691406,µm,Spot,Position,264,1004816463,6268214
35.12269973754883,66.74639892578125,µm,Spot,Position,264,1005891011,6272846
35.30070114135742,66.63849639892578,µm,Spot,Position,265,1005891011,6296728
45.49100112915039,42.77259826660156,µm,Spot,Position,266,1004816463,6316202
28.619699478149414,60.38990020751953,µm,Spot,Position,266,1006319516,6319516
34.830501556396484,66.34709930419922,µm,Spot,Position,266,1005891011,6320648
45.60380172729492,42.79460144042969,µm,Spot,Position,267,1004816463,6339937
34.358699798583984,66.16410064697266,µm,Spot,Position,267,1005891011,6344391
45.5630989074707,43.10660171508789,µm,Spot,Position,268,1004816463,6363777
34.17639923095703,65.9718017578125,µm,Spot,Position,268,1005891011,6368111
45.61029815673828,43.5635986328125,µm,Spot,Position,269,1004816463,6387553
28.358999252319336,59.659400939941406,µm,Spot,Position,269,1006319516,6390575
150.625,104.1709976196289,µm,Spot,Position,269,1006399101,6399101
45.32929992675781,43.46670150756836,µm,Spot,Position,270,1004816463,6411275
28.7268009185791,59.64400100708008,µm,Spot,Position,270,1006319516,6414373
29.013700485229492,59.54869842529297,µm,Spot,Position,271,1006319516,6438224
150.01600646972656,104.17400360107422,µm,Spot,Position,271,1006399101,6446995
29.415800094604492,59.80189895629883,µm,Spot,Position,272,1006319516,6462416
29.702499389648438,60.571998596191406,µm,Spot,Position,273,1006319516,6486266
82.86830139160156,107.70099639892578,µm,Spot,Position,273,1006495310,6495310
29.44029998779297,60.083099365234375,µm,Spot,Position,275,1006319516,6533868
150.98399353027344,106.09400177001953,µm,Spot,Position,275,1006399101,6542785
82.82879638671875,107.47200012207031,µm,Spot,Position,275,1006495310,6543029
28.908100128173828,59.843101501464844,µm,Spot,Position,276,1006319516,6557757
83.35330200195312,107.48699951171875,µm,Spot,Position,276,1006495310,6566887
29.000099182128906,59.702999114990234,µm,Spot,Position,277,1006319516,6581541
150.677001953125,106.04199981689453,µm,Spot,Position,277,1006399101,6590422
83.01499938964844,107.27200317382812,µm,Spot,Position,277,1006495310,6590629
103.28900146484375,120.22699737548828,µm,Spot,Position,277,1006593146,6593146
106.08300018310547,14.063300132751465,µm,Spot,Position,278,1006596644,6596644
28.88450050354004,59.40119934082031,µm,Spot,Position,278,1006319516,6605447
150.65499877929688,106.38899993896484,µm,Spot,Position,278,1006399101,6614603
82.69770050048828,107.69400024414062,µm,Spot,Position,278,1006495310,6614834
103.63500213623047,120.44100189208984,µm,Spot,Position,278,1006593146,6617307
106.46900177001953,13.809800148010254,µm,Spot,Position,279,1006596644,6620706
29.181499481201172,59.25590133666992,µm,Spot,Position,279,1006319516,6629355
103.3759994506836,120.9990005493164,µm,Spot,Position,279,1006593146,6641233
106.9489974975586,14.00510025024414,µm,Spot,Position,280,1006596644,6644514
29.69700050354004,59.385501861572266,µm,Spot,Position,280,1006319516,6653239
151.10499572753906,106.93399810791016,µm,Spot,Position,280,1006399101,6662402
103.36699676513672,121.15399932861328,µm,Spot,Position,280,1006593146,6665069
106.625,13.825499534606934,µm,Spot,Position,281,1006596644,6668348
29.462400436401367,59.59400177001953,µm,Spot,Position,281,1006319516,6677086
82.5989990234375,108.23300170898438,µm,Spot,Position,281,1006495310,6686316
153.79800415039062,34.834800720214844,µm,Spot,Position,282,1006696191,6696191
82.51570129394531,107.72699737548828,µm,Spot,Position,282,1006495310,6710239
103.2030029296875,121.31400299072266,µm,Spot,Position,282,1006593146,6712862
30.104999542236328,58.536598205566406,µm,Spot,Position,283,1006319516,6724628
103.86599731445312,121.1500015258789,µm,Spot,Position,283,1006593146,6736729
29.74049949645996,59.157501220703125,µm,Spot,Position,284,1006319516,6748615
151.91200256347656,106.677001953125,µm,Spot,Position,284,1006399101,6757644
82.50700378417969,107.37799835205078,µm,Spot,Position,284,1006495310,6757776
103.73200225830078,120.677001953125,µm,Spot,Position,284,1006593146,6760252
107.53700256347656,13.355199813842773,µm,Spot,Position,285,1006596644,6763421
153.61399841308594,34.10499954223633,µm,Spot,Position,285,1006696191,6767359
30.122100830078125,58.96110153198242,µm,Spot,Position,285,1006319516,6772074
103.90799713134766,120.73600006103516,µm,Spot,Position,285,1006593146,6784015
106.95099639892578,13.520999908447266,µm,Spot,Position,286,1006596644,6787251
153.7469940185547,34.402400970458984,µm,Spot,Position,286,1006696191,6791263
78.10289764404297,89.79679870605469,µm,Spot,Position,286,1006801960,6801960
82.56330108642578,107.37300109863281,µm,Spot,Position,286,1006495310,6805354
103.70500183105469,120.82499694824219,µm,Spot,Position,286,1006593146,6807980
107.11499786376953,13.541299819946289,µm,Spot,Position,287,1006596644,6811154
153.97000122070312,34.104698181152344,µm,Spot,Position,287,1006696191,6815078
78.58080291748047,89.71150207519531,µm,Spot,Position,287,1006801960,6825764
82.4677963256836,107.33599853515625,µm,Spot,Position,287,1006495310,6829184
104.0739974975586,119.91999816894531,µm,Spot,Position,287,1006593146,6831577
106.5270004272461,13.684700012207031,µm,Spot,Position,288,1006596644,6834933
153.5679931640625,33.9286994934082,µm,Spot,Position,288,1006696191,6838788
82.85929870605469,107.44400024414062,µm,Spot,Position,288,1006495310,6853027
103.95899963378906,119.8740005493164,µm,Spot,Position,288,1006593146,6855414
106.6510009765625,13.421299934387207,µm,Spot,Position,289,1006596644,6858823
79.32630157470703,89.65879821777344,µm,Spot,Position,289,1006801960,6873532
82.74150085449219,107.63899993896484,µm,Spot,Position,289,1006495310,6877033
103.77999877929688,120.75700378417969,µm,Spot,Position,289,1006593146,6879614
107.0739974975586,13.236800193786621,µm,Spot,Position,290,1006596644,6882789
153.66299438476562,33.510799407958984,µm,Spot,Position,290,1006696191,6886677
103.58300018310547,120.61100006103516,µm,Spot,Position,290,1006593146,6903285
107.31199645996094,13.133999824523926,µm,Spot,Position,291,1006596644,6906462
153.62100219726562,33.88079833984375,µm,Spot,Position,291,1006696191,6910453
82.77739715576172,108.20500183105469,µm,Spot,Position,291,1006495310,6924614
103.37300109863281,120.94100189208984,µm,Spot,Position,291,1006593146,6927044
153.63299560546875,33.56529998779297,µm,Spot,Position,292,1006696191,6934137
79.30259704589844,90.35690307617188,µm,Spot,Position,292,1006801960,6945085
153.5050048828125,33.467098236083984,µm,Spot,Position,293,1006696191,6957947
103.24400329589844,120.70600128173828,µm,Spot,Position,293,1006593146,6974703
154.0229949951172,33.38100051879883,µm,Spot,Position,294,1006696191,6981666
103.2750015258789,120.52100372314453,µm,Spot,Position,294,1006593146,6998443
153.69700622558594,33.287899017333984,µm,Spot,Position,295,1006696191,7005497
79.16400146484375,89.40619659423828,µm,Spot,Position,295,1006801960,7016178
79.18769836425781,89.05400085449219,µm,Spot,Position,296,1006801960,7039954
78.76480102539062,88.70580291748047,µm,Spot,Position,297,1006801960,7063507
79.13849639892578,88.20929718017578,µm,Spot,Position,298,1006801960,7087275
79.1187973022461,88.36239624023438,µm,Spot,Position,299,1006801960,7111234
79.87840270996094,88.2885971069336,µm,Spot,Position,300,1006801960,7135107
